episode,step,day_type,hour,outdoor_dry_bulb_temperature,indoor_dry_bulb_temperature,indoor_dry_bulb_temperature_cooling_set_point,cooling_device,net_electricity_consumption,occupant_count,reward
2,0,5,1,24.66,24.431562,24.444445,0.011109216,0.5631514,2.0,-5.913056911243998
2,1,5,2,24.07,24.444384,24.444445,0.2246207,1.6294621,2.0,-5.976642601555998
2,2,5,3,23.9,24.444445,24.444445,0.43553746,0.8187729,2.0,-5.976130130925008
2,3,5,4,23.87,24.444439,24.444445,0.25371736,0.43344885,2.0,-5.975715473570996
2,4,5,5,23.83,24.361916,24.444445,0.60806817,0.43516034,1.0,-5.579082351396004
2,5,5,6,23.85,24.287533,24.444445,0.063414566,1.1156232,1.0,-5.233922849288999
2,6,5,7,24.98,24.11459,24.11111,0.9562834,1.4822644,1.0,-4.472973132499999
2,7,5,8,26.94,23.349218,23.333334,0.06421568,2.380127,1.0,-1.8227693385240011
2,8,5,9,29.3,23.333536,23.333334,0.55991244,2.8576698,1.0,-1.7811759330959966
2,9,5,10,31.66,23.333342,23.333334,0.018790405,1.7852914,1.0,-1.7795861803639954
2,10,5,11,33.87,23.333338,23.333334,0.829051,0.6248069,1.0,-1.7784150291440035
2,11,5,12,35.9,23.333338,23.333334,0.8477024,3.1792016,0.0,-1.7809694238440035
2,12,5,13,37.51,23.333338,23.333334,0.43761724,1.1945734,1.0,-1.7789847956440035
2,13,5,14,38.69,22.938847,23.333334,0.7057165,0.8355993,1.0,-0.8822692887089983
2,14,5,15,39.3,22.027122,23.333334,0.2615756,1.1921278,0.0,-0.0019277306839999204
2,15,5,16,39.53,24.342098,23.333334,0.06404296,0.83945966,1.0,-5.486262501264
2,16,5,17,39.16,26.054508,23.333334,0.023830594,-0.04861641,1.0,-16.438986505653986
2,17,5,18,38.12,27.356468,24.444445,0.79174393,-0.17055622,1.0,-28.691578878804
2,18,5,19,36.11,22.295313,24.444445,0.16559225,1.8165228,1.0,-0.0890262907690001
2,19,5,20,32.61,24.121927,24.444445,0.44506517,0.44516057,2.0,-4.503019353898997
2,20,5,21,31.19,22.374603,24.444445,0.48739958,2.9465172,2.0,-0.14327392480900034
2,21,5,22,29.6,22.118639,24.444445,0.10108271,2.0198994,2.0,-0.016095111721000407
2,22,5,23,28.04,23.52303,24.444445,0.866937,2.6360717,2.0,-2.3222564525999956
2,23,5,24,26.8,18.961735,23.944445,0.88653404,4.8071523,2.0,-9.235861362524995
2,24,6,1,25.85,18.357042,23.88889,0.4905857,3.8597019,2.0,-13.275002691664001
2,25,6,2,25.19,18.99641,23.88889,0.78693724,1.8845277,2.0,-9.023437415799995
2,26,6,3,24.85,18.171318,23.88889,0.5136386,3.7787042,2.0,-14.662584561324005
2,27,6,4,24.76,18.9678,24.38889,0.54673237,2.6273255,2.0,-9.196864165499997
2,28,6,5,24.75,19.14309,24.444445,0.604163,1.9720434,2.0,-8.163906791499995
2,29,6,6,24.69,18.794064,23.944445,0.8201036,2.474792,2.0,-10.280500428096007
2,30,6,7,25.41,18.774588,24.166666,0.73027754,1.8454505,2.0,-10.40512802024399
2,31,6,8,27.01,19.39384,24.444445,0.11827763,3.2252011,2.0,-6.795295146699996
2,32,6,9,29.38,21.188494,24.11111,0.33449146,1.5668669,2.0,-0.6601088549360022
2,33,6,10,32.06,21.01962,23.88889,0.19459717,1.1992104,2.0,-0.9623441548000006
2,34,6,11,34.51,22.35764,23.88889,0.109032735,0.10626793,2.0,-0.12801263752999995
2,35,6,12,36.64,23.681854,23.88889,0.4354422,0.46172214,2.0,-2.8290945994560044
2,36,6,13,38.33,22.496664,23.88889,0.22336963,0.25927782,2.0,-0.2469344067159991
2,37,6,14,39.51,24.391514,23.88889,0.14687279,0.7207854,2.0,-5.720059997596004
2,38,6,15,40.18,25.550282,23.88889,0.14749093,-0.14467204,2.0,-12.604357607483996
2,39,6,16,40.32,26.470919,23.38889,0.81337506,0.16948354,2.0,-19.989286188100987
2,40,6,17,39.76,22.455303,23.333334,0.32018432,2.9492016,2.0,-0.21025002340900062
2,41,6,18,38.66,24.465763,24.444445,0.8583597,0.1050899,2.0,-6.0800922620689954
2,42,6,19,36.54,21.494541,24.444445,0.30336154,4.110761,2.0,-0.25959956168099835
2,43,6,20,32.42,22.828596,23.333334,0.6511415,2.18355,2.0,-0.6887548812160017
2,44,6,21,31.33,20.532486,23.166666,0.9124918,1.1291053,2.0,-2.154726445496004
2,45,6,22,30.82,19.553965,23.11111,0.6325542,3.4378433,2.0,-5.986525064524993
2,46,6,23,29.33,19.961943,24.055555,0.13608597,2.7345424,2.0,-4.156410877648994
2,47,6,24,27.83,21.674248,24.444445,0.38406387,-0.117390156,2.0,-0.1059969753480009
2,48,7,1,26.69,20.417866,24.444445,0.57886267,1.0668699,2.0,-2.504214863856
2,49,7,2,25.99,19.810759,24.444445,0.9941841,2.0252934,2.0,-4.794801449480996
2,50,7,3,25.54,18.832802,24.444445,0.42805782,3.86736,2.0,-10.035010531203993
2,51,7,4,25.23,19.748608,24.444445,0.073955014,2.5942664,2.0,-5.071360204063996
2,52,7,5,25.04,21.253187,24.444445,0.25724325,0.14204654,2.0,-0.5578717035089993
2,53,7,6,24.9,20.860788,24.444445,0.3851648,2.7333422,2.0,-1.3005373231440012
2,54,7,7,25.33,20.92473,24.444445,0.6278313,1.2246956,2.0,-1.1574302684999993
2,55,7,8,26.38,20.201195,23.944445,0.72265667,2.5742438,2.0,-3.2382736718250054
2,56,7,9,28.36,20.008265,23.88889,0.19689505,2.0930903,2.0,-3.969101400524994
2,57,7,10,30.53,21.691772,23.88889,0.08539442,0.012583792,2.0,-0.09501708377599984
2,58,7,11,32.62,22.983599,23.88889,0.277188,1.5785482,1.0,-0.9690455410010033
2,59,7,12,32.22,22.145184,23.88889,0.48080915,0.4950186,1.0,-0.021573412456000123
2,60,7,13,31.18,21.369825,23.88889,0.21506123,1.081891,1.0,-0.3982024216250016
2,61,7,14,31.74,22.96768,23.88889,0.6909179,8.111324,2.0,-0.9445159064000028
2,62,7,15,31.79,20.113459,23.333334,0.17705491,2.5790029,2.0,-3.5616159475810045
2,63,7,16,31.57,22.373571,23.333334,0.19284286,1.3201742,2.0,-0.14087546624099875
2,64,7,17,31.08,22.753061,23.61111,0.9032058,1.7586018,2.0,-0.5688594715209982
2,65,7,18,30.12,19.701412,23.88889,0.9224487,3.3263557,2.0,-5.286833149443994
2,66,7,19,28.69,19.220253,23.333334,0.2350585,3.3627622,2.0,-7.730356146209003
2,67,7,20,26.94,20.853271,23.333334,0.8453411,1.5316476,2.0,-1.3165190470410013
2,68,7,21,26.31,18.48657,23.333334,0.9153423,4.7879577,2.0,-12.348978322599997
2,69,7,22,25.89,18.164492,23.333334,0.97205544,2.779474,2.0,-14.713901092064006
2,70,7,23,25.39,17.835669,23.555555,0.60780567,4.644628,2.0,-17.346297305561006
2,71,7,24,24.88,18.558674,24.444445,0.08503626,1.2785163,2.0,-11.844003154576
2,72,1,1,24.76,20.502464,24.444445,0.040728815,-0.47322345,2.0,-2.242140847846001
2,73,1,2,24.63,21.480495,24.444445,0.67692685,0.29802915,2.0,-0.2701834741749987
2,74,1,3,24.46,19.491945,24.444445,0.48305237,2.2541974,2.0,-6.292594080424994
2,75,1,4,24.24,19.73426,24.444445,0.1234551,3.325485,2.0,-5.136903232600005
2,76,1,5,23.72,21.127905,24.444445,0.7682495,-0.31986237,2.0,-0.7602298266550028
2,77,1,6,23.38,19.855644,24.444445,0.7009717,3.1176834,2.0,-4.601380338135993
2,78,1,7,23.76,19.693785,24.444445,0.5145355,3.6920478,2.0,-5.3223196740250085
2,79,1,8,24.94,20.624012,24.444445,0.15563278,3.467852,1.0,-1.8968108281439988
2,80,1,9,26.74,21.953875,24.444445,0.1588262,2.4119012,1.0,-0.004539416824999998
2,81,1,10,28.26,22.563023,24.444445,0.7316048,-0.44577408,1.0,-0.3165491244490013
2,82,1,11,29.16,21.261105,24.444445,0.8649064,3.4061644,1.0,-0.5493719854249991
2,83,1,12,29.61,20.732477,24.444445,0.1922809,1.238795,0.0,-1.6078533505290016
2,84,1,13,29.72,22.28274,24.444445,0.24121323,2.7047346,0.0,-0.08264664220000024
2,85,1,14,29.77,22.455315,24.444445,0.6686557,2.1474736,0.0,-0.2094592228249989
2,86,1,15,29.63,21.00645,24.444445,0.7603081,2.143363,0.0,-0.989284965499998
2,87,1,16,29.52,20.625355,24.444445,0.09326684,1.9685059,1.0,-1.8916173819250028
2,88,1,17,29.58,22.870363,24.444445,0.3704399,0.21233815,1.0,-0.7577440899190019
2,89,1,18,29.77,21.620813,24.444445,0.20041679,0.90741014,1.0,-0.1446901911090013
2,90,1,19,29.11,22.79423,24.444445,0.4957959,1.8343512,2.0,-0.6326356440999982
2,91,1,20,27.63,21.007256,24.444445,0.43381688,2.145511,2.0,-0.9876861605359967
2,92,1,21,26.01,20.76116,23.777779,0.22662456,1.9717529,2.0,-1.5366962984999994
2,93,1,22,25.2,21.299618,23.333334,0.43609363,1.0588025,2.0,-0.49159374842400166
2,94,1,23,24.8,19.984402,23.38889,0.599801,1.4813414,2.0,-4.064116639004003
2,95,1,24,24.42,19.385378,23.722221,0.5058626,3.1215134,2.0,-6.839369716284003
2,96,2,1,23.87,19.644798,23.88889,0.4600291,0.90129715,2.0,-5.5478777579539935
2,97,2,2,23.24,19.657368,23.88889,0.82324517,2.8089633,2.0,-5.490733650723992
2,98,2,3,22.79,18.89227,23.88889,0.6516895,2.587031,2.0,-9.6605727839
2,99,2,4,22.42,18.974176,23.88889,0.86603546,1.2011466,2.0,-9.156812025576
2,100,2,5,22.17,19.005146,23.88889,0.1939267,1.8318781,2.0,-8.970982359416002
2,101,2,6,22.22,20.732166,24.444445,0.8809572,1.6735296,2.0,-1.6090765811560013
2,102,2,7,23.54,20.585085,24.444445,0.561666,2.2737558,1.0,-2.0042582130250017
2,103,2,8,25.55,20.659136,24.444445,0.70533675,1.8875483,1.0,-1.7998038147959996
2,104,2,9,27.75,20.957375,24.444445,0.2568206,3.2300446,0.0,-1.090296935225002
2,105,2,10,30.04,21.911171,24.444445,0.518531,-0.06304479,0.0,-0.007827546451000087
2,106,2,11,32.26,21.284687,24.444445,0.17773993,1.7259471,0.0,-0.5133986350689975
2,107,2,12,34.12,22.690933,24.444445,0.026205406,-0.27004504,0.0,-0.47711836544900155
2,108,2,13,35.51,24.33062,24.444445,0.6286877,-0.6671854,1.0,-5.431122398999999
2,109,2,14,36.45,21.668255,24.444445,0.23213205,1.4922953,2.0,-0.111547040325001
2,110,2,15,36.9,23.694065,24.444445,0.3293943,1.0296617,1.0,-2.8708858859249946
2,111,2,16,37.01,23.586498,24.444445,0.531565,-0.46189582,1.0,-2.5165140081839965
2,112,2,17,36.62,23.126892,24.444445,0.6476255,2.8650799,1.0,-1.2727506595640037
2,113,2,18,35.69,22.344,24.444445,0.5392722,1.6759298,0.0,-0.12001192980000082
2,114,2,19,33.94,22.610119,24.444445,0.6986566,2.5106084,2.0,-0.37475580256100116
2,115,2,20,29.92,21.159874,24.444445,0.4732144,4.2418394,2.0,-0.7100535352760025
2,116,2,21,28.61,21.50456,24.444445,0.95555526,3.8732107,2.0,-0.24933400429999855
2,117,2,22,27.93,19.901766,24.444445,0.092245415,2.3628397,2.0,-4.4049487584560065
2,118,2,23,27.38,21.940792,24.444445,0.58537763,0.58759916,2.0,-0.004093186424000202
2,119,2,24,26.58,19.920916,24.444445,0.7676271,2.3662648,2.0,-4.324956543856007
2,120,3,1,25.33,19.710558,24.444445,0.7133571,2.8431687,2.0,-5.244387840064005
2,121,3,2,24.46,19.542767,24.444445,0.8293445,3.8360443,2.0,-6.041830060588993
2,122,3,3,23.84,19.215765,24.444445,0.6019549,2.678539,2.0,-7.754643074224994
2,123,3,4,23.41,19.55606,24.444445,0.21840294,1.2684095,2.0,-5.974111133100006
2,124,3,5,23.08,20.932886,24.444445,0.78482777,1.9038193,1.0,-1.1406361082960004
2,125,3,6,23.21,19.936176,24.444445,0.12869474,3.1525936,1.0,-4.262522096576002
2,126,3,7,24.63,21.215908,24.444445,0.9536062,9.142998,2.0,-0.6239432624640017
2,127,3,8,26.79,20.193314,24.166666,0.2084403,3.7143905,1.0,-3.2678286930959968
2,128,3,9,28.81,20.88375,23.333334,0.10700004,1.2671959,1.0,-1.2472812584000017
2,129,3,10,30.8,21.947308,23.333334,0.9975671,-0.018525124,1.0,-0.0027579217400000426
2,130,3,11,32.67,18.417652,23.333334,0.73846644,1.8931043,1.0,-12.835110297403999
2,131,3,12,34.21,19.333319,23.333334,0.071258396,2.3672042,0.0,-7.113554759961002
2,132,3,13,35.35,22.36974,23.333334,0.94340837,0.18157744,0.0,-0.13688924504000013
2,133,3,14,36.21,18.07734,23.333334,0.7972527,2.201093,0.0,-15.389462568600004
2,134,3,15,36.76,19.492506,23.333334,0.97919583,1.0271972,0.0,-6.288553357236006
2,135,3,16,36.87,18.78322,23.333334,0.77764964,1.2934186,1.0,-10.348966986999999
2,136,3,17,36.41,19.704208,23.333334,0.40346435,2.7386544,1.0,-5.273399561663994
2,137,3,18,35.44,21.561888,24.444445,0.13685402,2.2304134,1.0,-0.19417253794400025
2,138,3,19,33.2,23.382725,24.444445,0.90996355,0.73520774,2.0,-1.9126636333650018
2,139,3,20,29.93,19.639801,24.444445,0.32191455,3.6183603,1.0,-5.574157679901007
2,140,3,21,28.88,21.132431,24.444445,0.06329003,3.4314356,2.0,-0.7561074053609993
2,141,3,22,28.39,22.509212,24.444445,0.102618724,1.0057895,2.0,-0.2603026504440016
2,142,3,23,27.54,22.923325,24.444445,0.07987304,0.33286923,2.0,-0.852861924854997
2,143,3,24,26.68,23.434637,24.444445,0.2580339,1.1137443,2.0,-2.059297066068996
2,144,4,1,25.88,22.524857,24.444445,0.53507894,0.7230525,2.0,-0.2761979229490008
2,145,4,2,25.13,21.007362,24.444445,0.45938954,2.542546,2.0,-0.987872745043999
2,146,4,3,24.47,20.702261,24.444445,0.94979036,1.6863801,2.0,-1.6858128922209998
2,147,4,4,23.69,19.386717,24.444445,0.13289016,3.624857,2.0,-6.832872895088996
2,148,4,5,22.93,21.11447,24.444445,0.96646816,0.43124336,2.0,-0.7845946242599987
2,149,4,6,22.9,19.67236,24.444445,0.9203372,3.6743255,2.0,-5.421582295099994
2,150,4,7,24.56,19.313602,24.444445,0.21148314,3.9147682,2.0,-7.220648982604002
2,151,4,8,26.64,21.40474,24.444445,0.96086514,1.3322872,1.0,-0.3556667547999996
2,152,4,9,28.76,20.400675,24.444445,0.5866447,2.5602112,1.0,-2.560400666825001
2,153,4,10,30.85,20.91517,24.444445,0.88284034,2.0554852,0.0,-1.1789116141000004
2,154,4,11,32.8,20.506409,24.444445,0.18140188,2.1949668,0.0,-2.2330090420809956
2,155,4,12,34.44,22.218288,24.444445,0.8354919,0.12823153,1.0,-0.047777882474000506
2,156,4,13,35.6,19.750912,24.444445,0.64184713,2.3252094,1.0,-5.060722041144002
2,157,4,14,36.42,20.78755,24.444445,0.6705049,0.25978065,1.0,-1.470294783150001
2,158,4,15,36.83,20.890627,24.444445,0.17217618,2.0857902,1.0,-1.2327942433290033
2,159,4,16,36.96,23.079515,24.444445,0.7574393,0.45939803,0.0,-1.1658120332550015
2,160,4,17,36.48,20.670742,24.444445,0.49883938,2.0009434,1.0,-1.7689277739639984
2,161,4,18,35.0,21.97136,24.444445,0.5622012,2.4984696,2.0,-0.003318719199999962
2,162,4,19,32.24,21.406141,24.444445,0.60335183,3.3793154,2.0,-0.3560478272809981
2,163,4,20,29.68,21.026724,24.444445,0.5368792,2.8825002,2.0,-0.9501486723759971
2,164,4,21,28.87,20.999033,24.444445,0.6885145,2.595114,2.0,-1.0045300490889986
2,165,4,22,28.32,20.216248,24.444445,0.32661888,2.7012446,2.0,-3.184472442103999
2,166,4,23,27.26,21.210464,24.444445,0.4280111,1.7933836,2.0,-0.6251604788959972
2,167,4,24,26.0,20.534018,24.444445,0.5609609,1.6305357,2.0,-2.150733760024001
2,168,5,1,24.66,19.624607,24.444445,0.40348122,1.9863781,2.0,-5.644478282548995
2,169,5,2,23.52,19.848787,24.444445,0.09271188,1.5453712,2.0,-4.629262742568994
2,170,5,3,22.63,21.112434,24.444445,0.8321032,0.67971957,2.0,-0.7884531239259993
2,171,5,4,22.0,18.53,24.444445,0.44126898,2.3972056,2.0,-12.043297205599991
2,172,5,5,21.62,19.18006,24.444445,0.41769055,2.1248581,2.0,-7.954186461699995
2,173,5,6,21.38,19.61731,24.444445,0.95809305,1.690484,2.0,-5.678902120100001
2,174,5,7,23.52,18.901373,24.444445,0.9003124,3.253373,2.0,-9.604742658129002
2,175,5,8,26.01,19.194393,24.444445,0.2509826,3.020227,0.0,-7.874450865448991
2,176,5,9,28.45,21.234026,24.444445,0.5116084,0.9014162,0.0,-0.5876175848759998
2,177,5,10,30.76,21.010246,24.444445,0.77331835,1.6269819,0.0,-0.9812399624160026
2,178,5,11,32.72,20.601547,24.444445,0.0587671,0.816434,0.0,-1.956487227209
2,179,5,12,34.33,22.558754,24.444445,0.48785222,0.3877207,0.0,-0.31259375321600047
2,180,5,13,35.61,20.97673,24.444445,0.62600756,0.3781104,0.0,-1.0474596033000003
2,181,5,14,36.49,21.171618,23.88889,0.9979915,1.1831446,1.0,-0.6873998825240022
2,182,5,15,36.73,19.938768,23.88889,0.8081519,3.4103258,1.0,-4.252087683624001
2,183,5,16,36.46,20.367933,23.88889,0.3949336,0.92183816,1.0,-2.6645645306489976
2,184,5,17,36.05,21.84962,23.722221,0.21570785,1.6874993,1.0,-0.024301643699999518
2,185,5,18,35.07,23.212788,23.333334,0.91751015,1.0873542,1.0,-1.4719420871439994
2,186,5,19,33.22,19.304882,23.333334,0.7151569,3.6415994,1.0,-7.267302633324004
2,187,5,20,30.26,19.802256,23.333334,0.10744217,2.5050254,2.0,-4.832583714936001
2,188,5,21,28.97,21.879055,23.333334,0.0769666,1.5576959,2.0,-0.016185388924999752
2,189,5,22,28.48,22.81556,23.555555,0.027393496,1.789649,2.0,-0.6669277626000023
2,190,5,23,27.85,23.850725,23.88889,0.32158476,2.813922,2.0,-3.4279969476250023
2,191,5,24,26.49,21.668274,23.88889,0.8269261,1.166335,2.0,-0.11120847407599983
2,192,6,1,25.51,19.40898,23.944445,0.2376523,1.5780128,2.0,-6.7149626532000015
2,193,6,2,24.76,20.602573,23.944445,0.020128686,1.202229,2.0,-1.9540044493290012
2,194,6,3,24.22,21.862799,24.0,0.9352959,0.83736444,2.0,-0.019661478841000276
2,195,6,4,23.85,18.753384,24.0,0.70615715,1.6479776,2.0,-10.542163429055996
2,196,6,5,23.5,18.646797,24.0,0.34965205,2.413815,2.0,-11.246384174209005
2,197,6,6,23.29,19.787985,24.055555,0.61159897,1.4848723,2.0,-4.894495232525004
2,198,6,7,24.57,19.47383,24.055555,0.8407124,2.1530461,2.0,-6.383687915000002
2,199,6,8,26.51,19.218225,24.11111,0.813829,3.2200975,2.0,-7.741492248124998
2,200,6,9,28.79,19.394712,24.11111,0.4142012,2.3076222,2.0,-6.789833185144008
2,201,6,10,30.92,20.651249,24.166666,0.97832596,1.149154,2.0,-1.820278414001
2,202,6,11,32.81,19.356071,24.166666,0.5141575,2.7280471,2.0,-6.993088604141
2,203,6,12,34.37,20.555058,24.166666,0.7883826,1.5384357,2.0,-2.089395819064003
2,204,6,13,35.53,20.029713,24.222221,0.06944715,2.1645575,2.0,-3.884195419868996
2,205,6,14,36.26,22.834364,24.222221,0.10548712,5.495635,2.0,-0.7016589194960013
2,206,6,15,36.54,23.79165,24.277779,0.011301413,0.15562344,2.0,-3.2101653459400024
2,207,6,16,36.22,25.447182,24.277779,0.7256414,0.51829344,2.0,-11.88358203456401
2,208,6,17,35.35,21.18984,24.333334,0.8529619,2.2024395,2.0,-0.6585616650999996
2,209,6,18,34.01,20.957355,24.333334,0.95682234,3.6764286,2.0,-1.0907850246250006
2,210,6,19,32.15,20.034666,24.333334,0.32342795,3.7968984,2.0,-3.8663346299559946
2,211,6,20,29.14,21.45375,24.38889,0.9367669,4.0877852,2.0,-0.30247684770000066
2,212,6,21,27.8,19.228271,24.38889,0.7644681,2.6835535,2.0,-7.685165202941003
2,213,6,22,27.02,19.251867,24.444445,0.14967641,4.673097,2.0,-7.556908082688996
2,214,6,23,26.43,21.093071,24.444445,0.123937905,1.3811224,2.0,-0.823901333441003
2,215,6,24,25.82,21.60302,24.444445,0.52281576,0.9164959,2.0,-0.15850961629999938
2,216,7,1,25.19,19.548468,24.444445,0.43979597,0.5817337,2.0,-6.010590880724001
2,217,7,2,24.48,19.81127,24.444445,0.95302397,2.251208,2.0,-4.792790220899998
2,218,7,3,23.92,18.65572,24.444445,0.759512,3.7063792,2.0,-11.187915097600008
2,219,7,4,23.51,18.490086,24.444445,0.63694876,3.0423975,2.0,-12.322538684895989
2,220,7,5,23.37,18.857141,24.444445,0.3614791,0.84817314,2.0,-9.878410867021008
2,221,7,6,23.38,19.756025,24.444445,0.009601916,2.849361,2.0,-5.038273161624995
2,222,7,7,24.62,21.51389,24.444445,0.07048757,0.9012608,2.0,-0.23720419290000003
2,223,7,8,26.63,22.24613,24.444445,0.0650943,-0.6219884,2.0,-0.05995798850000041
2,224,7,9,29.37,23.195541,24.444445,0.9780598,0.29309213,2.0,-1.4296113748109966
2,225,7,10,31.54,20.333967,24.444445,0.5266598,1.923456,2.0,-2.777589413088996
2,226,7,11,33.45,21.091768,24.444445,0.8280573,2.6955104,2.0,-0.8275808762240031
2,227,7,12,35.12,20.288074,24.444445,0.7626421,1.8664705,1.0,-2.9325570999759942
2,228,7,13,36.46,20.669567,24.444445,0.29271248,2.8482354,1.0,-1.772900202888998
2,229,7,14,37.37,22.590485,24.444445,0.9956407,-0.46368444,0.0,-0.34820885078500124
2,230,7,15,37.8,19.944712,24.38889,0.17655975,2.217422,1.0,-4.226426184944004
2,231,7,16,37.69,22.764746,23.88889,0.3865652,-1.001029,1.0,-0.5838354155159982
2,232,7,17,37.08,22.218018,23.38889,0.536801,2.4704282,1.0,-0.05000227652400031
2,233,7,18,35.87,22.025482,23.777779,0.5641143,0.4496699,1.0,-0.0010990022240000116
2,234,7,19,33.77,21.63405,23.333334,0.94520354,3.3913002,1.0,-0.13731070270000115
2,235,7,20,31.27,19.790148,23.333334,0.40787098,2.0652955,1.0,-4.885511157404006
2,236,7,21,29.4,20.764996,23.333334,0.111371495,1.5752888,1.0,-1.526810168816
2,237,7,22,28.08,22.334307,23.333334,0.45101142,2.902987,2.0,-0.11466415724899934
2,238,7,23,27.14,20.150702,23.5,0.6950287,2.7238424,2.0,-3.4226269352040037
2,239,7,24,26.48,19.308308,23.555555,0.4931091,2.357328,2.0,-7.247563150863999
2,240,1,1,25.94,19.212934,22.777779,0.33987528,1.8194003,2.0,-7.769556288655997
2,241,1,2,25.58,19.679478,22.777779,0.23636115,2.2277038,2.0,-5.387050056284002
2,242,1,3,25.44,20.251118,22.777779,0.90352243,0.3009379,2.0,-3.058889187823994
2,243,1,4,25.37,19.022854,23.666666,0.48108235,2.9184673,2.0,-8.866316772616008
2,244,1,5,25.31,19.936874,24.444445,0.9928558,1.7714636,2.0,-4.2582603554760015
2,245,1,6,25.22,19.612963,24.444445,0.89493686,3.340598,2.0,-5.701286237368998
2,246,1,7,25.67,19.499159,24.444445,0.56267637,6.3676972,2.0,-6.260573404481006
2,247,1,8,27.33,20.656971,24.444445,0.33100748,2.1068509,1.0,-1.8058337457410036
2,248,1,9,29.31,21.657993,24.444445,0.9591523,2.3337958,1.0,-0.11930258384899921
2,249,1,10,31.03,20.425995,24.444445,0.44573677,1.6685102,0.0,-2.4791602502249988
2,250,1,11,33.03,21.310726,24.444445,0.6832848,1.9406633,0.0,-0.47703931037600145
2,251,1,12,35.19,20.843943,24.444445,0.9284917,2.9791613,0.0,-1.3394469485490015
2,252,1,13,36.57,20.224367,24.0,0.45696986,2.034155,0.0,-3.154906705688997
2,253,1,14,37.35,21.845282,23.88889,0.29537502,1.808986,0.0,-0.025746645523999696
2,254,1,15,37.42,23.064188,23.88889,0.12042164,0.21938467,0.0,-1.1327154840140032
2,255,1,16,36.96,24.812687,23.88889,0.12572026,0.0074449778,1.0,-7.911215604946801
2,256,1,17,36.26,25.276731,23.666666,0.047652617,0.23796135,1.0,-10.73720400771101
2,257,1,18,35.18,26.513872,24.444445,0.8919409,0.3360982,1.0,-20.375376530583992
2,258,1,19,33.42,20.805489,23.88889,0.43321005,3.3177395,2.0,-1.4301742686209964
2,259,1,20,30.98,21.782696,23.333334,0.80905616,2.0294456,2.0,-0.04925047401599939
2,260,1,21,29.25,19.67968,23.333334,0.93905514,2.8566484,2.0,-5.386741550799995
2,261,1,22,27.99,19.054245,23.333334,0.53100854,10.637593,2.0,-8.68811011302499
2,262,1,23,27.02,19.740005,23.777779,0.43640515,3.1744685,2.0,-5.110751868525
2,263,1,24,26.24,20.235863,24.444445,0.22206418,1.7077898,2.0,-3.1138871445690057
2,264,2,1,25.69,21.213238,24.444445,0.887712,1.5445263,2.0,-0.6205389709439992
2,265,2,2,25.43,19.210518,24.166666,0.8128473,2.4544268,2.0,-7.783664255123997
2,266,2,3,25.34,18.893963,23.88889,0.63473445,1.4041466,2.0,-9.648869991969004
2,267,2,4,25.32,19.434246,23.88889,0.4568924,3.4810038,2.0,-6.5865745923159915
2,268,2,5,25.22,19.982122,23.88889,0.8940178,0.68400013,2.0,-4.072515623013998
2,269,2,6,24.98,19.416761,23.88889,0.35201436,4.4553576,2.0,-6.677579088720995
2,270,2,7,25.72,20.651157,24.166666,0.6963862,1.4850389,1.0,-1.8208624775489965
2,271,2,8,27.5,20.81997,24.444445,0.7890357,1.5029522,1.0,-1.3939737530999967
2,272,2,9,29.39,20.22167,23.88889,0.57657677,3.4018893,1.0,-3.1658594782000016
2,273,2,10,31.12,20.782158,23.88889,0.7155619,1.267398,1.0,-1.4844065349640023
2,274,2,11,32.82,20.436167,23.88889,0.27800015,2.1429982,0.0,-2.4477166500889966
2,275,2,12,34.24,22.015131,23.88889,0.72996897,-0.07918739,0.0,-0.00014975977100000688
2,276,2,13,35.41,20.441265,23.88889,0.5468463,1.4975355,1.0,-2.431152335724996
2,277,2,14,36.25,21.492918,23.88889,0.85467434,1.1685191,1.0,-0.25830067382400046
2,278,2,15,36.81,20.22536,23.88889,0.1307236,2.5514839,0.0,-3.1518986135000056
2,279,2,16,37.02,23.080162,23.88889,0.99037933,-0.5417446,0.0,-1.166208201644003
2,280,2,17,36.75,19.07323,23.88889,0.7605684,3.0414903,1.0,-8.569024123200006
2,281,2,18,35.87,20.434345,24.444445,0.85277456,2.58548,1.0,-2.4538610590249985
2,282,2,19,34.09,20.040548,24.444445,0.20409028,3.295654,2.0,-3.8427477943039956
2,283,2,20,31.03,22.121677,24.444445,0.22037508,2.5508258,2.0,-0.01735611812899958
2,284,2,21,29.65,22.348398,24.444445,0.73554635,3.9247663,2.0,-0.12530593270399967
2,285,2,22,28.44,19.798512,23.61111,0.052763693,4.669097,2.0,-4.851218511144006
2,286,2,23,27.38,21.924427,23.38889,0.16402468,7.2928667,2.0,-0.013004145028999783
2,287,2,24,26.29,21.947517,24.444445,0.37242284,2.5668163,2.0,-0.005321281588999867
2,288,3,1,25.3,21.481888,24.444445,0.45908368,1.8565613,2.0,-0.2702966058439985
2,289,3,2,24.61,20.849524,24.444445,0.25753257,2.9198828,2.0,-1.3265149093760027
2,290,3,3,24.35,21.300476,24.444445,0.43285364,3.6976237,2.0,-0.49303145027600037
2,291,3,4,24.15,20.71969,24.444445,0.62455446,1.6931853,2.0,-1.6408868814000002
2,292,3,5,24.13,20.214281,24.444445,0.20964289,2.0595572,2.0,-3.190851904161001
2,293,3,6,24.14,21.298393,24.444445,0.8548805,0.5816129,2.0,-0.49283399534899885
2,294,3,7,25.34,20.501451,24.444445,0.44172367,4.494021,1.0,-2.250143126401002
2,295,3,8,27.16,21.04191,24.444445,0.02341387,1.5801198,0.0,-0.9195165678999971
2,296,3,9,28.8,22.458672,24.0,0.5353302,-0.24244073,0.0,-0.21013756285399998
2,297,3,10,30.34,20.361,23.88889,0.70821214,0.81604564,0.0,-2.687137045639998
2,298,3,11,31.77,20.154018,23.88889,0.4811906,1.8111663,0.0,-3.4094607106239976
2,299,3,12,33.12,20.939377,23.88889,0.1800226,1.6666987,0.0,-1.1265878468289994
