episode,step,day_type,hour,outdoor_dry_bulb_temperature,indoor_dry_bulb_temperature,indoor_dry_bulb_temperature_cooling_set_point,cooling_device,net_electricity_consumption,occupant_count
0,0,5,1,24.66,23.098652,23.222221,0.27606806,0.67788136,3.0
0,1,5,2,24.07,22.234743,22.222221,0.3010412,0.84628075,3.0
0,2,5,3,23.9,22.22306,22.222221,0.7414335,5.3845425,3.0
0,3,5,4,23.87,22.22225,22.222221,0.034794763,1.8098694,3.0
0,4,5,5,23.83,22.222237,22.222221,0.9824799,-0.31952047,3.0
0,5,5,6,23.85,22.222237,22.222221,0.0585469,-0.87662005,3.0
0,6,5,7,24.98,22.22223,22.222221,0.15622547,1.387213,2.0
0,7,5,8,26.94,22.332556,22.333334,0.074994735,0.53423405,2.0
0,8,5,9,29.3,22.771797,22.777779,0.8434433,4.6692066,2.0
0,9,5,10,31.66,23.266788,23.333334,0.085227944,0.4906178,1.0
0,10,5,11,33.87,24.40689,24.444445,0.7862161,-0.35695326,1.0
0,11,5,12,35.9,24.444319,24.444445,0.9438445,1.8332113,1.0
0,12,5,13,37.51,24.44445,24.444445,0.92887557,1.1783192,1.0
0,13,5,14,38.69,24.42381,24.444445,0.48167834,-0.56645834,0.0
0,14,5,15,39.3,24.081125,24.444445,0.4676488,1.679942,0.0
0,15,5,16,39.53,24.52549,24.444445,0.018999139,4.5882416,1.0
0,16,5,17,39.16,27.916714,23.555555,0.21646829,-0.4146133,0.0
0,17,5,18,38.12,26.801367,25.555555,0.092028305,0.66180736,2.0
0,18,5,19,36.11,28.37342,26.5,0.45471317,1.8449713,3.0
0,19,5,20,32.61,23.293308,24.444445,0.9828811,2.9943707,3.0
0,20,5,21,31.19,19.95433,21.666666,0.75330794,4.571057,2.0
0,21,5,22,29.6,19.626406,24.444445,0.15398599,3.550609,2.0
0,22,5,23,28.04,21.755692,22.833334,0.00052340206,1.0547699,2.0
0,23,5,24,26.8,24.16209,20.722221,0.39170724,0.2225064,2.0
0,24,6,1,25.85,17.570724,20.555555,0.18116793,2.0486813,2.0
0,25,6,2,25.19,19.361685,21.666666,0.37069857,1.7470441,2.0
0,26,6,3,24.85,16.981022,22.222221,0.9543999,0.8847787,2.0
0,27,6,4,24.76,15.129298,22.222221,0.8537772,2.2981846,2.0
0,28,6,5,24.75,14.438682,22.222221,0.06025848,7.1584044,3.0
0,29,6,6,24.69,17.277468,22.222221,0.43154293,-0.63971734,3.0
0,30,6,7,25.41,13.741048,22.222221,0.49878445,3.1338906,3.0
0,31,6,8,27.01,14.900662,22.333334,0.7354438,4.082306,3.0
0,32,6,9,29.38,14.026093,24.444445,0.068346895,3.9919665,2.0
0,33,6,10,32.06,17.625092,24.444445,0.024551777,-0.084709644,2.0
0,34,6,11,34.51,20.075624,24.444445,0.65370363,0.16742241,2.0
0,35,6,12,36.64,15.586995,24.444445,0.24021366,2.9931223,2.0
0,36,6,13,38.33,18.888296,24.444445,0.13965675,5.655723,2.0
0,37,6,14,39.51,21.44397,24.444445,0.9436026,2.1779149,3.0
0,38,6,15,40.18,16.136875,24.444445,0.6860077,2.9126883,2.0
0,39,6,16,40.32,18.347406,24.61111,0.91382504,2.0949152,1.0
0,40,6,17,39.76,16.89231,25.0,0.49453127,4.203645,1.0
0,41,6,18,38.66,19.1442,24.5,0.9924634,0.98487747,1.0
0,42,6,19,36.54,15.619701,24.444445,0.2300241,7.060636,2.0
0,43,6,20,32.42,18.642002,24.444445,0.4228701,0.93157357,3.0
0,44,6,21,31.33,17.244686,24.444445,0.64477617,2.868101,3.0
0,45,6,22,30.82,16.143457,22.0,0.16077247,3.335157,3.0
0,46,6,23,29.33,18.763037,20.0,0.4903608,0.29916412,3.0
0,47,6,24,27.83,14.392483,20.0,0.86355686,0.86833215,3.0
0,48,7,1,26.69,13.556022,20.0,0.9314002,4.691064,2.0
0,49,7,2,25.99,12.043366,20.0,0.86692053,6.598322,2.0
0,50,7,3,25.54,11.316019,20.0,0.63658726,3.9757547,2.0
0,51,7,4,25.23,11.00717,20.0,0.24595003,2.16118,2.0
0,52,7,5,25.04,12.77956,20.0,0.5775372,2.3180656,3.0
0,53,7,6,24.9,10.402052,20.0,0.5460032,4.1309533,3.0
0,54,7,7,25.33,11.46688,20.0,0.38416025,1.7113531,3.0
0,55,7,8,26.38,12.082186,20.0,0.51793975,2.6025722,3.0
0,56,7,9,28.36,11.92649,20.0,0.2327975,2.9595501,3.0
0,57,7,10,30.53,14.816294,22.444445,0.5091952,0.18404561,3.0
0,58,7,11,32.62,13.424423,22.777779,0.3253987,0.6888875,3.0
0,59,7,12,32.22,15.664054,24.444445,0.44744754,1.1949056,2.0
0,60,7,13,31.18,14.792515,24.444445,0.0960228,0.16851974,2.0
0,61,7,14,31.74,18.09843,24.444445,0.37067014,0.8062568,2.0
0,62,7,15,31.79,15.84307,24.38889,0.28511372,0.6027007,2.0
0,63,7,16,31.57,17.653662,23.555555,0.03816779,3.089077,2.0
0,64,7,17,31.08,20.451431,22.222221,0.26432502,-0.95760995,2.0
0,65,7,18,30.12,17.86314,22.555555,0.5027556,-0.14278772,2.0
0,66,7,19,28.69,17.081472,24.444445,0.20788108,2.506096,3.0
0,67,7,20,26.94,18.504742,24.444445,0.6844083,2.051933,3.0
0,68,7,21,26.31,14.637905,24.444445,0.7929953,4.2097173,3.0
0,69,7,22,25.89,14.211573,22.222221,0.66000986,2.672812,3.0
0,70,7,23,25.39,13.834975,24.444445,0.27954888,3.185387,3.0
0,71,7,24,24.88,15.058701,24.444445,0.438632,2.0679097,3.0
0,72,1,1,24.76,13.292022,23.222221,0.0952397,4.23359,3.0
0,73,1,2,24.63,16.126633,23.555555,0.31550017,2.182917,3.0
0,74,1,3,24.46,13.616275,23.833334,0.65443975,2.0454414,3.0
0,75,1,4,24.24,13.416522,24.11111,0.5346781,2.2946057,3.0
0,76,1,5,23.72,13.464657,24.444445,0.3799007,3.543113,3.0
0,77,1,6,23.38,13.856422,24.777779,0.58334917,3.4206054,2.0
0,78,1,7,23.76,13.043521,25.055555,0.90051246,2.6972249,2.0
0,79,1,8,24.94,12.250643,23.333334,0.34229288,4.2836223,2.0
0,80,1,9,26.74,13.914128,23.88889,0.033587918,0.6455904,2.0
0,81,1,10,28.26,17.003962,23.88889,0.83573693,0.7726332,2.0
0,82,1,11,29.16,11.487831,25.666666,0.3174937,3.012144,1.0
0,83,1,12,29.61,14.348759,24.444445,0.95531684,-0.72163314,1.0
0,84,1,13,29.72,11.479579,24.444445,0.8013651,5.2252893,2.0
0,85,1,14,29.77,12.9727,25.833334,0.78567624,4.0084624,1.0
0,86,1,15,29.63,12.261274,25.0,0.3277587,1.6416981,1.0
0,87,1,16,29.52,14.485101,25.833334,0.51114905,0.8271748,1.0
0,88,1,17,29.58,13.317737,24.444445,0.6029274,1.3526547,2.0
0,89,1,18,29.77,13.709342,24.444445,0.9910214,3.2919617,2.0
0,90,1,19,29.11,12.1380625,24.444445,0.9797615,3.5988848,2.0
0,91,1,20,27.63,12.130414,24.444445,0.6648642,4.018813,3.0
0,92,1,21,26.01,11.9233465,24.444445,0.29997686,4.199837,2.0
0,93,1,22,25.2,13.407123,24.444445,0.10921442,1.8899984,3.0
0,94,1,23,24.8,15.305285,24.444445,0.04853415,0.29949605,3.0
0,95,1,24,24.42,16.480831,22.222221,0.6314217,0.8047248,3.0
0,96,2,1,23.87,11.254947,23.222221,0.34452742,2.9491136,3.0
0,97,2,2,23.24,13.230803,22.222221,0.13705774,1.784556,3.0
0,98,2,3,22.79,14.636745,22.222221,0.36885387,2.1040962,3.0
0,99,2,4,22.42,12.584187,22.222221,0.7428843,2.3008428,3.0
0,100,2,5,22.17,12.420637,22.222221,0.45349532,6.001138,3.0
0,101,2,6,22.22,12.774571,22.222221,0.61071396,2.2852986,3.0
0,102,2,7,23.54,11.94532,22.222221,0.41695473,2.681322,2.0
0,103,2,8,25.55,12.811689,22.333334,0.9796649,4.108494,1.0
0,104,2,9,27.75,10.816739,22.777779,0.6332692,3.5095513,1.0
0,105,2,10,30.04,12.209782,23.333334,0.46581793,0.57022476,1.0
0,106,2,11,32.26,13.234496,23.88889,0.008795558,2.9205563,1.0
0,107,2,12,34.12,17.422031,24.444445,0.34898084,-3.286617,1.0
0,108,2,13,35.51,15.098444,24.444445,0.73152584,0.07606578,1.0
0,109,2,14,36.45,14.795674,24.444445,0.9259988,2.4712396,1.0
0,110,2,15,36.9,14.137709,24.444445,0.33866483,2.0500164,1.0
0,111,2,16,37.01,16.942518,24.444445,0.71354276,0.54635334,1.0
0,112,2,17,36.62,14.775323,24.38889,0.17027469,3.5819912,2.0
0,113,2,18,35.69,18.434809,24.38889,0.93297017,1.8576136,2.0
0,114,2,19,33.94,13.1140585,24.38889,0.5608777,4.197796,3.0
0,115,2,20,29.92,15.286608,24.38889,0.36061135,3.0756035,3.0
0,116,2,21,28.61,15.825561,24.38889,0.2590757,2.0038822,3.0
0,117,2,22,27.93,16.815275,24.333334,0.8421088,1.3786757,3.0
0,118,2,23,27.38,13.459491,24.333334,0.7889365,6.7564774,3.0
0,119,2,24,26.58,13.805646,24.333334,0.4946378,4.177027,3.0
0,120,3,1,25.33,13.736974,24.333334,0.9235182,1.3740991,3.0
0,121,3,2,24.46,12.418675,24.444445,0.3086196,5.533018,3.0
0,122,3,3,23.84,13.656754,22.222221,0.57969916,1.656371,3.0
0,123,3,4,23.41,11.839772,22.222221,0.41594493,2.7345948,3.0
0,124,3,5,23.08,12.951094,22.222221,0.2654965,2.0744572,3.0
0,125,3,6,23.21,13.700555,22.222221,0.63468724,2.0519145,3.0
0,126,3,7,24.63,12.130648,22.222221,0.29933754,6.6083293,2.0
0,127,3,8,26.79,14.098841,22.222221,0.6460955,2.2953079,2.0
0,128,3,9,28.81,12.363092,22.222221,0.05222277,2.4699683,3.0
0,129,3,10,30.8,16.220995,22.777779,0.5139541,3.4789793,2.0
0,130,3,11,32.67,13.397144,23.88889,0.35189435,2.4082706,2.0
0,131,3,12,34.21,16.007952,24.444445,0.6397324,0.34428048,2.0
0,132,3,13,35.35,14.563427,24.444445,0.42487875,0.52633595,1.0
0,133,3,14,36.21,16.689877,25.222221,0.3205689,1.5216229,1.0
0,134,3,15,36.76,18.151363,25.0,0.09846844,0.22875535,1.0
0,135,3,16,36.87,20.885206,27.222221,0.98608655,-0.48890293,1.0
0,136,3,17,36.41,14.898851,27.222221,0.76049346,3.2065747,1.0
0,137,3,18,35.44,16.680244,27.222221,0.2892605,3.4567595,2.0
0,138,3,19,33.2,18.714264,26.666666,0.6475834,1.3438758,3.0
0,139,3,20,29.93,15.737723,25.666666,0.92491853,4.3046193,2.0
0,140,3,21,28.88,15.49674,25.777779,0.42769656,11.503063,3.0
0,141,3,22,28.39,16.253319,24.444445,0.4266883,5.188649,3.0
0,142,3,23,27.54,15.854245,24.444445,0.20842068,2.8486576,3.0
0,143,3,24,26.68,17.29885,24.444445,0.92657787,0.2805248,3.0
0,144,4,1,25.88,12.739166,23.222221,0.48537385,5.185014,3.0
0,145,4,2,25.13,13.977774,22.222221,0.21554044,2.3092027,3.0
0,146,4,3,24.47,15.074297,22.222221,0.71534514,0.77600956,3.0
0,147,4,4,23.69,12.291486,22.222221,0.9231114,1.9385788,3.0
0,148,4,5,22.93,12.52795,22.222221,0.7581138,2.9648495,3.0
0,149,4,6,22.9,11.971552,22.222221,0.7567926,6.796338,3.0
0,150,4,7,24.56,11.567568,22.222221,0.34044874,4.6283436,2.0
0,151,4,8,26.64,12.949369,22.333334,0.99343085,0.85797596,2.0
0,152,4,9,28.76,11.059296,22.777779,0.80066615,6.014628,3.0
0,153,4,10,30.85,12.163534,23.333334,0.07468929,1.7351757,2.0
0,154,4,11,32.8,15.994608,23.88889,0.15161265,-1.4129589,2.0
0,155,4,12,34.44,17.007345,24.444445,0.72471553,4.9131165,2.0
0,156,4,13,35.6,14.309341,24.444445,0.17949292,2.6237197,2.0
0,157,4,14,36.42,17.741825,24.444445,0.60281104,1.9180164,2.0
0,158,4,15,36.83,15.444658,24.444445,0.027266337,3.4856725,2.0
0,159,4,16,36.96,19.583906,25.555555,0.07222882,-0.71353304,2.0
0,160,4,17,36.48,21.510872,27.222221,0.06200811,-0.16815704,3.0
0,161,4,18,35.0,22.970694,27.222221,0.44131047,-0.47676325,3.0
0,162,4,19,32.24,19.325274,27.222221,0.32234845,2.5174832,3.0
0,163,4,20,29.68,20.204517,27.222221,0.8696233,4.8535066,3.0
0,164,4,21,28.87,17.219128,27.222221,0.74397284,4.883486,3.0
0,165,4,22,28.32,17.206505,27.222221,0.5832335,3.315863,3.0
0,166,4,23,27.26,16.785608,27.222221,0.2759007,4.1061907,3.0
0,167,4,24,26.0,17.739378,27.222221,0.2547358,1.5405898,3.0
0,168,5,1,24.66,17.64035,27.222221,0.2818288,0.49785352,3.0
0,169,5,2,23.52,17.318886,27.222221,0.31830296,2.4936213,3.0
0,170,5,3,22.63,16.92185,27.222221,0.82454294,0.63360584,3.0
0,171,5,4,22.0,15.036176,27.222221,0.78645575,4.871845,3.0
0,172,5,5,21.62,14.514277,27.222221,0.6886869,3.633598,3.0
0,173,5,6,21.38,13.961551,27.222221,0.7014151,5.165653,3.0
0,174,5,7,23.52,13.693023,27.222221,0.7571112,3.8318362,3.0
0,175,5,8,26.01,13.274306,27.222221,0.310128,2.0659707,2.0
0,176,5,9,28.45,14.939651,27.222221,0.40218642,3.4518814,2.0
0,177,5,10,30.76,14.887051,27.222221,0.1447047,1.5025796,1.0
0,178,5,11,32.72,17.421461,27.222221,0.7249356,-1.219658,1.0
0,179,5,12,34.33,13.946088,27.222221,0.32325572,0.17790401,1.0
0,180,5,13,35.61,16.732094,27.222221,0.47959262,-0.17644393,1.0
0,181,5,14,36.49,16.60988,27.222221,0.23907153,1.0967503,1.0
0,182,5,15,36.73,19.208847,27.222221,0.09871323,3.2067263,2.0
0,183,5,16,36.46,21.49229,27.222221,0.9920491,-0.26304382,1.0
0,184,5,17,36.05,15.133497,27.222221,0.9318002,3.528432,1.0
0,185,5,18,35.07,16.61177,27.222221,0.89079815,2.9161353,3.0
0,186,5,19,33.22,15.788399,27.222221,0.44883525,5.3319883,3.0
0,187,5,20,30.26,16.928553,27.222221,0.92338127,1.9174234,3.0
0,188,5,21,28.97,14.634672,27.222221,0.3223579,4.7720404,3.0
0,189,5,22,28.48,16.334589,27.222221,0.99598235,2.6150975,3.0
0,190,5,23,27.85,13.003557,27.222221,0.28101915,4.7630153,2.0
0,191,5,24,26.49,14.862838,27.222221,0.6248854,0.6073945,2.0
0,192,6,1,25.51,12.889969,27.11111,0.43977016,3.8999543,3.0
0,193,6,2,24.76,13.811452,27.0,0.9113846,2.5300336,3.0
0,194,6,3,24.22,12.07071,26.88889,0.47733426,3.6864533,3.0
0,195,6,4,23.85,12.893004,26.777779,0.7163743,2.7680812,3.0
0,196,6,5,23.5,11.853048,26.666666,0.18578887,3.2419815,3.0
0,197,6,6,23.29,13.971257,26.555555,0.96775377,1.1954937,3.0
0,198,6,7,24.57,11.034677,26.38889,0.4746686,5.167268,3.0
0,199,6,8,26.51,12.859724,26.277779,0.71851724,1.7973502,3.0
0,200,6,9,28.79,11.951342,26.166666,0.7733692,4.634678,3.0
0,201,6,10,30.92,12.663069,26.055555,0.7962651,1.6181412,3.0
0,202,6,11,32.81,12.547323,25.944445,0.8993418,3.3651488,2.0
0,203,6,12,34.37,12.592846,25.833334,0.52623546,2.7149193,2.0
0,204,6,13,35.53,14.295745,25.722221,0.69378686,1.2143829,2.0
0,205,6,14,36.26,13.838224,25.61111,0.84566027,0.93952954,2.0
0,206,6,15,36.54,13.967248,25.5,0.65453225,5.5177546,2.0
0,207,6,16,36.22,14.847418,25.38889,0.07818447,1.9698405,2.0
0,208,6,17,35.35,18.771914,25.277779,0.41145128,1.922786,3.0
0,209,6,18,34.01,15.938732,25.11111,0.9525626,0.78961927,2.0
0,210,6,19,32.15,14.492089,25.0,0.27201214,4.402953,2.0
0,211,6,20,29.14,16.49975,24.88889,0.5764333,1.7882011,2.0
0,212,6,21,27.8,14.011412,24.777779,0.8589986,4.314193,3.0
0,213,6,22,27.02,13.509006,24.666666,0.95062506,5.0488386,3.0
0,214,6,23,26.43,12.414463,24.555555,0.24614294,3.3639793,3.0
0,215,6,24,25.82,14.256103,22.777779,0.46927592,2.569366,3.0
0,216,7,1,25.19,12.165514,23.222221,0.10624973,2.3271322,3.0
0,217,7,2,24.48,15.033291,22.222221,0.0057067047,-0.1296801,3.0
0,218,7,3,23.92,16.885532,22.222221,0.03341451,1.3370228,3.0
0,219,7,4,23.51,17.157331,22.222221,0.6183357,0.038190484,3.0
0,220,7,5,23.37,11.941061,22.222221,0.32820323,3.683953,3.0
0,221,7,6,23.38,13.885187,22.222221,0.9032849,2.2833123,3.0
0,222,7,7,24.62,11.2948265,22.222221,0.2661523,4.200563,3.0
0,223,7,8,26.63,13.935416,22.333334,0.40937087,1.2640333,3.0
0,224,7,9,29.37,13.228493,22.777779,0.077522896,1.940441,2.0
0,225,7,10,31.54,16.818798,24.444445,0.09490449,-0.40260565,2.0
0,226,7,11,33.45,18.064722,24.444445,0.5794813,-1.4812849,1.0
0,227,7,12,35.12,15.091364,24.444445,0.059853062,-0.89024055,1.0
0,228,7,13,36.46,18.985592,24.444445,0.81639934,-0.1766156,2.0
0,229,7,14,37.37,13.560076,24.444445,0.11473053,1.8401524,2.0
0,230,7,15,37.8,17.842884,24.444445,0.62213486,2.2442327,3.0
0,231,7,16,37.69,15.1675,24.555555,0.4931297,2.2445748,2.0
0,232,7,17,37.08,17.543535,26.277779,0.10822029,5.5115013,2.0
0,233,7,18,35.87,20.800346,24.166666,0.084820434,-0.47183394,2.0
0,234,7,19,33.77,21.779928,24.277779,0.9539523,-0.08145361,2.0
0,235,7,20,31.27,14.537316,24.444445,0.02729054,3.4966414,2.0
0,236,7,21,29.4,18.200592,24.444445,0.5546386,3.1817067,2.0
0,237,7,22,28.08,14.138425,25.777779,0.32294613,2.8241086,2.0
0,238,7,23,27.14,16.052588,24.444445,0.0592227,2.436876,2.0
0,239,7,24,26.48,18.505116,24.444445,0.6177483,1.0126417,2.0
0,240,1,1,25.94,12.628343,23.222221,0.6140512,5.712318,3.0
0,241,1,2,25.58,13.794662,22.222221,0.52185714,3.0092916,3.0
0,242,1,3,25.44,13.1521225,22.222221,0.6672458,2.528579,3.0
0,243,1,4,25.37,12.702838,22.222221,0.4090773,2.4859018,3.0
0,244,1,5,25.31,13.502065,22.222221,0.7928676,1.7787745,3.0
0,245,1,6,25.22,11.661231,22.222221,0.8314879,1.4737067,2.0
0,246,1,7,25.67,11.8413515,22.222221,0.54232585,3.6994147,2.0
0,247,1,8,27.33,12.080889,22.333334,0.5999633,3.512736,1.0
0,248,1,9,29.31,11.922006,22.222221,0.23613518,5.8026695,1.0
0,249,1,10,31.03,14.660284,23.333334,0.9325899,-1.6666393,1.0
0,250,1,11,33.03,10.871834,23.88889,0.20755525,2.826549,1.0
0,251,1,12,35.19,14.692551,24.444445,0.4685439,2.9644165,1.0
0,252,1,13,36.57,13.9082775,24.444445,0.05185839,1.5709167,1.0
0,253,1,14,37.35,18.160261,24.444445,0.37836733,-0.8683689,1.0
0,254,1,15,37.42,16.020636,23.61111,0.67260903,5.985549,1.0
0,255,1,16,36.96,15.969821,23.333334,0.3134402,2.9149806,1.0
0,256,1,17,36.26,18.297707,24.166666,0.9125427,-0.2407983,1.0
0,257,1,18,35.18,14.12613,24.444445,0.40122744,4.0283923,1.0
0,258,1,19,33.42,16.716248,24.444445,0.68249226,3.936308,2.0
0,259,1,20,30.98,14.317682,24.444445,0.13264415,2.52382,2.0
0,260,1,21,29.25,17.433735,24.444445,0.27455914,-0.9151212,2.0
0,261,1,22,27.99,16.111633,24.444445,0.8541978,1.7467726,2.0
0,262,1,23,27.02,13.838797,24.444445,0.80162525,6.416637,3.0
0,263,1,24,26.24,13.269124,22.777779,0.46165633,4.740486,3.0
0,264,2,1,25.69,13.760471,23.222221,0.72063684,2.6449463,3.0
0,265,2,2,25.43,12.1218405,22.222221,0.8872987,3.326875,3.0
0,266,2,3,25.34,11.995606,22.222221,0.18885583,3.0912786,3.0
0,267,2,4,25.32,14.334154,22.222221,0.0786775,2.094141,3.0
0,268,2,5,25.22,15.801464,22.222221,0.37472826,0.72829425,3.0
0,269,2,6,24.98,13.257037,22.222221,0.9142126,1.9145776,3.0
0,270,2,7,25.72,12.612982,22.222221,0.69987273,3.8418283,2.0
0,271,2,8,27.5,12.632596,22.333334,0.6669395,3.2712865,2.0
0,272,2,9,29.39,12.847927,24.444445,0.930555,2.4489002,1.0
0,273,2,10,31.12,12.081874,24.444445,0.7302463,2.4464955,1.0
0,274,2,11,32.82,12.826637,24.444445,0.15769616,3.9864082,1.0
0,275,2,12,34.24,16.183613,24.444445,0.9971957,-0.30773568,1.0
0,276,2,13,35.41,11.249446,24.444445,0.79116917,4.0374675,1.0
0,277,2,14,36.25,13.460168,24.444445,0.1125532,2.2550936,1.0
0,278,2,15,36.81,17.483736,24.444445,0.35697198,-0.9916235,1.0
0,279,2,16,37.02,16.307423,24.444445,0.5261123,2.8656945,1.0
0,280,2,17,36.75,16.672993,24.444445,0.8511205,6.6417284,1.0
0,281,2,18,35.87,15.258555,24.444445,0.7173231,2.9800751,3.0
0,282,2,19,34.09,15.661954,24.444445,0.30313313,3.6856472,2.0
0,283,2,20,31.03,17.19267,24.444445,0.87625897,2.601296,2.0
0,284,2,21,29.65,13.634371,24.444445,0.55707544,4.0796514,2.0
0,285,2,22,28.44,14.909325,24.444445,0.3760363,5.9505644,3.0
0,286,2,23,27.38,15.091352,24.444445,0.5110831,2.054166,2.0
0,287,2,24,26.29,13.810704,22.222221,0.530826,2.5735667,3.0
0,288,3,1,25.3,13.78553,23.277779,0.07824214,1.6284103,3.0
0,289,3,2,24.61,16.577917,22.222221,0.062576175,-1.4166399,3.0
0,290,3,3,24.35,17.102898,22.222221,0.7293038,1.6346923,3.0
0,291,3,4,24.15,12.534191,22.222221,0.9186339,3.429944,3.0
0,292,3,5,24.13,13.166188,22.222221,0.047594316,4.9358587,3.0
0,293,3,6,24.14,16.26514,22.222221,0.8298578,1.7800064,3.0
0,294,3,7,25.34,10.745703,22.222221,0.90951675,1.840701,2.0
0,295,3,8,27.16,12.044397,22.277779,0.12728417,3.7387044,1.0
0,296,3,9,28.8,15.123578,22.222221,0.7733295,0.56160957,1.0
0,297,3,10,30.34,11.265255,24.444445,0.93885297,2.2194958,1.0
0,298,3,11,31.77,12.566921,24.444445,0.45590362,6.085605,2.0
0,299,3,12,33.12,14.130465,24.444445,0.39093837,1.0795469,2.0
0,300,3,13,34.33,15.289428,24.444445,0.37673205,0.5432322,2.0
0,301,3,14,35.4,16.403313,24.444445,0.020241968,-0.5099323,2.0
0,302,3,15,36.32,20.059818,24.444445,0.33251294,-2.0066848,2.0
0,303,3,16,36.76,18.20816,24.444445,0.91462153,3.6791103,3.0
0,304,3,17,36.66,16.393442,24.444445,0.5353128,4.413461,3.0
0,305,3,18,35.97,17.962864,24.444445,0.46115777,1.5879347,3.0
0,306,3,19,34.17,18.107117,24.444445,0.47814736,2.9820762,3.0
0,307,3,20,31.48,17.821434,24.444445,0.20736024,3.615432,3.0
0,308,3,21,30.9,19.534685,24.444445,0.40465978,2.0946593,3.0
0,309,3,22,29.69,17.77706,24.444445,0.65443903,2.1257646,3.0
0,310,3,23,28.13,16.636192,24.444445,0.2541679,2.2062185,3.0
0,311,3,24,26.92,18.050953,24.444445,0.013029437,1.8933607,3.0
0,312,4,1,25.95,20.454649,23.277779,0.42505652,0.65409976,3.0
0,313,4,2,24.94,14.749797,22.222221,0.07286073,2.8936474,3.0
0,314,4,3,23.87,17.570671,22.222221,0.5228242,0.66924196,3.0
0,315,4,4,23.1,13.387116,22.222221,0.85713327,2.516165,3.0
0,316,4,5,22.57,14.167288,22.222221,0.7746847,3.8795767,3.0
0,317,4,6,22.43,13.2067795,22.222221,0.18366149,2.625751,3.0
0,318,4,7,24.41,15.333067,22.222221,0.050204303,0.7323315,3.0
0,319,4,8,26.77,17.74884,22.277779,0.19756834,1.6560973,3.0
0,320,4,9,29.28,17.157589,22.777779,0.46108502,0.33448982,1.0
0,321,4,10,31.58,16.488304,24.444445,0.849549,1.1748661,1.0
0,322,4,11,33.3,15.031624,24.444445,0.1885585,2.4893894,1.0
0,323,4,12,34.46,18.038658,24.444445,0.33913136,-0.29694533,1.0
0,324,4,13,35.19,18.070152,25.666666,0.79111207,2.6392226,1.0
0,325,4,14,35.58,16.794163,26.666666,0.7742504,7.360375,2.0
0,326,4,15,35.62,17.15217,26.666666,0.19880727,2.1521955,2.0
0,327,4,16,35.42,20.088165,26.666666,0.5968878,-1.7490255,3.0
0,328,4,17,35.0,17.869974,26.666666,0.45248726,2.192254,3.0
0,329,4,18,34.22,19.210869,26.666666,0.6634676,1.5434408,2.0
0,330,4,19,32.92,17.620853,25.333334,0.23503323,4.5234337,3.0
0,331,4,20,30.2,19.625393,24.444445,0.04016653,-0.65501195,3.0
0,332,4,21,28.84,21.66917,24.444445,0.28304818,2.2330074,3.0
0,333,4,22,28.12,19.130138,24.444445,0.6568755,0.5746491,3.0
0,334,4,23,27.37,17.286345,24.444445,0.19109753,6.4281387,3.0
0,335,4,24,26.56,19.017199,24.444445,0.9103704,1.321368,3.0
0,336,5,1,25.71,14.078946,23.277779,0.8321798,3.1641734,3.0
0,337,5,2,24.9,14.276664,22.222221,0.051561642,4.688795,3.0
0,338,5,3,24.22,17.216557,22.222221,0.727567,0.70634884,3.0
0,339,5,4,23.75,11.577399,22.222221,0.21372603,3.3479624,3.0
0,340,5,5,23.56,14.159668,22.222221,0.29260814,1.4976153,3.0
0,341,5,6,23.61,13.576327,22.222221,0.21068949,2.4365396,3.0
0,342,5,7,24.86,14.973341,22.222221,0.22781989,1.2249204,1.0
0,343,5,8,27.08,15.489155,22.277779,0.5182581,0.1346603,1.0
0,344,5,9,29.37,14.098387,22.777779,0.6981774,0.7069663,1.0
0,345,5,10,31.63,14.224247,24.444445,0.15520646,2.2681723,1.0
0,346,5,11,33.52,17.364697,24.444445,0.9610136,-0.21996701,1.0
0,347,5,12,35.0,12.375572,24.444445,0.9459407,5.755257,1.0
0,348,5,13,36.03,14.128328,24.444445,0.61487734,1.9173464,2.0
0,349,5,14,36.63,15.307506,25.333334,0.10063741,-0.28325677,2.0
0,350,5,15,36.8,19.229717,24.444445,0.09401887,1.6163456,3.0
0,351,5,16,36.63,20.821712,24.444445,0.6578803,0.8683131,2.0
0,352,5,17,36.16,16.731049,24.444445,0.83187324,1.1527021,2.0
0,353,5,18,35.3,16.887897,24.444445,0.49100125,6.662428,2.0
0,354,5,19,33.84,17.783634,24.444445,0.34032366,2.6568565,2.0
0,355,5,20,31.8,18.533073,24.444445,0.23331623,1.9939479,3.0
0,356,5,21,29.9,19.390343,24.444445,0.6378137,0.9909056,3.0
0,357,5,22,28.54,16.10625,24.444445,0.79498345,5.5979505,3.0
0,358,5,23,27.54,15.594565,24.444445,0.47912806,2.7431092,3.0
0,359,5,24,26.72,15.702326,24.444445,0.6500709,0.3009808,3.0
0,360,6,1,26.01,14.12197,23.277779,0.20390096,2.956146,3.0
0,361,6,2,25.48,15.997615,22.222221,0.80718076,1.1906943,3.0
0,362,6,3,25.24,11.851136,22.222221,0.33605567,3.668643,3.0
0,363,6,4,24.91,13.785271,22.222221,0.1286193,1.7311397,3.0
0,364,6,5,24.54,15.372044,22.222221,0.4920273,0.86431265,3.0
0,365,6,6,24.19,12.48081,22.222221,0.033436783,4.3804874,3.0
0,366,6,7,24.91,15.839832,22.222221,0.8731141,-0.71347,3.0
0,367,6,8,26.81,10.410808,22.277779,0.7873582,7.328053,3.0
0,368,6,9,29.01,12.603795,22.777779,0.47097388,1.8900027,3.0
0,369,6,10,31.02,13.660251,24.444445,0.44176787,0.34766287,2.0
0,370,6,11,32.8,14.62231,24.444445,0.8100863,2.0900383,2.0
0,371,6,12,34.34,13.255646,24.444445,0.9801405,2.427445,2.0
0,372,6,13,35.59,13.610821,24.444445,0.43460366,8.907179,3.0
0,373,6,14,36.37,15.981666,25.0,0.51564527,0.38992882,3.0
0,374,6,15,36.75,16.036108,25.555555,0.32240325,2.9415708,2.0
0,375,6,16,36.66,18.209097,27.222221,0.8762482,-0.053828835,3.0
0,376,6,17,36.01,15.257973,27.222221,0.5778105,6.720155,3.0
0,377,6,18,34.91,16.920664,27.222221,0.7699663,4.25653,3.0
0,378,6,19,33.29,15.541673,27.222221,0.9398782,3.0172927,3.0
0,379,6,20,31.34,15.00349,27.222221,0.66023886,5.9078193,3.0
0,380,6,21,29.7,15.03252,27.222221,0.66681117,3.2951717,3.0
0,381,6,22,28.56,14.415034,27.222221,0.55360794,3.9176712,3.0
0,382,6,23,27.66,14.409302,27.222221,0.9563306,0.62794614,3.0
0,383,6,24,26.83,12.783273,27.222221,0.18365954,4.67276,3.0
0,384,7,1,26.06,15.07106,27.222221,0.2970469,0.7417608,3.0
0,385,7,2,25.44,14.178835,27.222221,0.18084013,2.8151696,3.0
0,386,7,3,25.12,15.646317,27.222221,0.6485622,0.009922624,3.0
0,387,7,4,24.73,12.833198,27.222221,0.5760459,3.0004003,3.0
0,388,7,5,24.27,13.683554,27.222221,0.9462775,5.804315,3.0
0,389,7,6,23.93,12.586847,27.222221,0.88545096,4.1436243,3.0
0,390,7,7,24.72,12.513492,27.222221,0.81146306,1.942112,3.0
0,391,7,8,26.84,12.388575,27.222221,0.6747321,5.899429,3.0
0,392,7,9,29.33,12.910903,27.222221,0.33275583,1.9506359,3.0
0,393,7,10,31.54,14.796707,27.222221,0.74111795,2.3175006,3.0
0,394,7,11,33.41,13.347255,27.222221,0.54501367,2.5677304,3.0
0,395,7,12,35.01,14.806923,25.555555,0.8843486,0.8800007,2.0
0,396,7,13,36.2,13.334086,25.0,0.4294766,9.397482,2.0
0,397,7,14,36.78,15.864473,26.666666,0.39098537,0.92319715,2.0
0,398,7,15,36.77,16.595259,25.555555,0.41316968,-0.5924776,2.0
0,399,7,16,36.18,17.152111,23.5,0.08342488,3.9461446,2.0
0,400,7,17,34.82,20.340845,23.333334,0.4796489,1.8821832,3.0
0,401,7,18,33.39,16.4954,24.277779,0.2648171,2.393963,3.0
0,402,7,19,31.99,18.654022,24.444445,0.39730093,2.7968082,3.0
0,403,7,20,30.58,17.467796,25.333334,0.20617455,1.3806856,3.0
0,404,7,21,29.37,19.007975,26.666666,0.032859642,3.0395145,3.0
0,405,7,22,28.29,21.047796,24.777779,0.24164648,-0.34933758,3.0
0,406,7,23,27.28,18.307865,24.444445,0.7718157,2.623088,3.0
0,407,7,24,26.4,15.443119,24.444445,0.3413581,2.5513368,3.0
0,408,1,1,25.72,16.536045,23.277779,0.98012996,2.8588104,3.0
0,409,1,2,25.2,12.860366,22.222221,0.5052282,3.3188677,3.0
0,410,1,3,24.8,13.993382,22.222221,0.9497201,2.9693038,3.0
0,411,1,4,24.48,11.959167,22.222221,0.7183987,4.951549,3.0
0,412,1,5,24.22,12.403433,22.222221,0.8558907,2.2950253,3.0
0,413,1,6,24.04,11.570548,22.222221,0.006628261,7.6708245,3.0
0,414,1,7,24.71,15.207116,22.222221,0.7039347,-0.0010526031,1.0
0,415,1,8,26.18,9.41314,22.277779,0.33596623,2.7846782,1.0
0,416,1,9,28.7,12.538935,22.777779,0.0077493023,-0.41591167,1.0
0,417,1,10,30.99,16.453182,24.444445,0.8043683,-0.2556758,1.0
0,418,1,11,32.88,10.811104,24.444445,0.18616728,5.943172,1.0
0,419,1,12,34.3,14.663854,24.444445,0.11101144,0.3016138,1.0
0,420,1,13,35.26,16.931988,24.5,0.068268694,-0.2793182,1.0
0,421,1,14,35.43,19.085745,25.666666,0.43954283,2.7608213,1.0
0,422,1,15,35.19,16.093176,24.444445,0.78697354,1.6636477,0.0
0,423,1,16,34.9,15.368374,24.444445,0.558052,2.6820636,0.0
0,424,1,17,33.27,15.981445,24.444445,0.52517015,1.2314417,0.0
0,425,1,18,30.88,15.657116,24.222221,0.20521438,0.13957492,1.0
0,426,1,19,28.49,17.596409,23.333334,0.0899296,1.0633274,1.0
0,427,1,20,26.84,18.95548,23.555555,0.6288636,4.034582,1.0
0,428,1,21,26.09,14.150476,24.444445,0.74553,3.1951475,3.0
0,429,1,22,25.72,14.441648,24.444445,0.40814683,4.4375086,3.0
0,430,1,23,25.39,14.803418,24.444445,0.46249235,4.25099,3.0
0,431,1,24,24.99,14.081375,24.444445,0.019981166,2.303295,3.0
0,432,2,1,24.58,17.491959,23.277779,0.8757722,0.43632558,3.0
0,433,2,2,24.34,10.384403,22.222221,0.8974811,3.9677699,3.0
0,434,2,3,24.16,12.140535,22.222221,0.7831069,5.0145307,3.0
0,435,2,4,24.0,11.166786,22.222221,0.576947,3.4680603,3.0
0,436,2,5,23.83,11.582251,22.222221,0.8018961,5.2342525,2.0
0,437,2,6,23.69,10.798516,22.222221,0.66253954,2.1979802,2.0
0,438,2,7,24.04,11.109009,22.222221,0.84447163,2.2592285,2.0
0,439,2,8,24.71,10.441512,22.277779,0.3504799,6.3077264,1.0
0,440,2,9,25.66,11.993673,22.777779,0.10712468,2.0039134,1.0
0,441,2,10,26.7,14.507974,24.444445,0.8892265,1.6431192,1.0
0,442,2,11,27.33,10.687132,24.444445,0.94346976,3.4947028,2.0
0,443,2,12,27.74,11.813881,24.444445,0.52272403,3.5577917,1.0
0,444,2,13,28.16,12.347476,24.444445,0.8020906,1.9212517,1.0
0,445,2,14,28.56,11.771678,25.055555,0.10802777,1.9117233,1.0
0,446,2,15,28.66,14.987081,24.444445,0.3524842,0.18701285,1.0
0,447,2,16,28.34,13.140363,24.444445,0.6960059,1.5742266,1.0
0,448,2,17,27.67,13.182545,24.444445,0.83311856,3.3270345,3.0
0,449,2,18,26.82,12.684832,24.444445,0.6385837,3.5872958,3.0
0,450,2,19,25.7,12.94035,24.444445,0.96885526,3.183622,3.0
0,451,2,20,24.49,11.908928,24.444445,0.19998045,9.139706,3.0
0,452,2,21,23.8,14.188358,24.444445,0.44172007,2.0361915,3.0
0,453,2,22,23.66,12.145202,24.444445,0.4300574,1.7440755,3.0
0,454,2,23,23.76,13.05351,24.444445,0.47865084,3.4256437,3.0
0,455,2,24,24.05,12.5267,24.444445,0.26528627,1.5210453,3.0
0,456,3,1,24.25,13.758211,23.277779,0.88755274,2.5014868,3.0
0,457,3,2,24.26,10.799122,22.222221,0.9244731,5.2634525,3.0
0,458,3,3,24.14,11.358972,22.222221,0.4205585,4.1681085,3.0
0,459,3,4,23.94,11.898583,22.222221,0.29045427,2.0873823,3.0
0,460,3,5,23.76,12.696485,22.222221,0.9766331,2.3241668,3.0
0,461,3,6,23.66,11.0205145,22.222221,0.87025875,5.5278215,3.0
0,462,3,7,23.94,11.457138,22.222221,0.9727631,3.9805875,3.0
0,463,3,8,24.53,10.560064,22.277779,0.6248354,3.3250575,1.0
0,464,3,9,25.4,10.863601,22.222221,0.105618075,0.9712322,1.0
0,465,3,10,26.27,13.778028,24.444445,0.81969374,-0.034745872,1.0
0,466,3,11,27.29,10.193543,24.444445,0.44926086,5.1964583,1.0
0,467,3,12,27.98,12.481768,24.444445,0.067396976,3.3851323,1.0
0,468,3,13,28.37,15.549158,24.444445,0.489914,-1.344501,1.0
0,469,3,14,28.41,12.348878,24.444445,0.17834558,3.9990551,1.0
0,470,3,15,28.04,15.255061,24.166666,0.2298669,1.078089,1.0
0,471,3,16,27.72,15.083285,23.333334,0.89926505,0.6794854,1.0
0,472,3,17,27.38,12.603021,23.61111,0.9966876,4.6880794,1.0
0,473,3,18,26.83,12.473005,24.444445,0.40923253,4.3421435,1.0
0,474,3,19,26.0,13.494192,24.444445,0.15878278,3.0836303,2.0
0,475,3,20,25.03,15.454202,24.444445,0.19446096,1.7518044,3.0
0,476,3,21,24.55,15.4427395,24.444445,0.41171274,0.64481384,3.0
0,477,3,22,24.35,14.20508,24.444445,0.9425582,2.60428,3.0
0,478,3,23,24.2,12.850681,24.444445,0.5992171,6.3975115,3.0
0,479,3,24,24.07,13.002942,24.444445,0.081527255,3.292076,3.0
0,480,4,1,23.94,15.662345,23.277779,0.23495822,1.1547874,3.0
0,481,4,2,23.8,13.472573,22.222221,0.27272034,0.3232748,3.0
0,482,4,3,23.64,14.229713,22.222221,0.6625958,2.4588246,3.0
0,483,4,4,23.54,12.154864,22.222221,0.44741303,1.6592256,3.0
0,484,4,5,23.37,13.152744,22.222221,0.11470306,5.5733104,3.0
0,485,4,6,23.33,15.10203,22.222221,0.4779603,-0.31082684,2.0
0,486,4,7,24.49,12.08034,22.222221,0.5423227,3.543687,1.0
0,487,4,8,25.88,12.859091,22.277779,0.29266557,2.3628836,1.0
0,488,4,9,28.13,14.319984,22.777779,0.2764459,0.93119323,1.0
0,489,4,10,30.69,15.544228,24.444445,0.3526459,-0.4004113,1.0
0,490,4,11,32.51,15.85847,24.444445,0.9823248,-1.4552792,1.0
0,491,4,12,33.93,13.5462265,24.444445,0.75274265,5.437495,2.0
0,492,4,13,34.97,14.78394,24.444445,0.8648953,2.4777102,2.0
0,493,4,14,35.66,14.11556,24.777779,0.74878305,4.5520344,1.0
0,494,4,15,35.9,14.893457,25.0,0.39814463,2.4018846,1.0
0,495,4,16,35.8,16.772873,24.777779,0.40846625,1.48825,1.0
0,496,4,17,35.16,17.068459,23.333334,0.18927631,0.34644473,1.0
0,497,4,18,34.2,19.49525,23.777779,0.8922472,0.84632885,2.0
0,498,4,19,32.49,14.652417,24.444445,0.8125341,3.5148933,3.0
0,499,4,20,29.4,15.423653,24.444445,0.06345923,7.932993,3.0
0,500,4,21,28.18,18.57819,24.444445,0.33020273,1.3792458,3.0
0,501,4,22,27.31,15.902782,24.444445,0.8993133,1.8175988,3.0
0,502,4,23,26.38,14.4415245,24.444445,0.782711,3.5889797,3.0
0,503,4,24,25.65,13.893156,24.444445,0.67210495,1.4816234,3.0
0,504,5,1,25.05,13.151225,23.277779,0.812738,6.241773,3.0
0,505,5,2,24.58,12.058075,22.222221,0.86646783,2.329988,3.0
0,506,5,3,24.16,11.529332,22.222221,0.8869863,4.974505,3.0
0,507,5,4,23.78,10.998066,22.222221,0.6148605,4.972467,3.0
0,508,5,5,23.29,11.040105,22.222221,0.874374,1.9203591,3.0
0,509,5,6,22.93,10.523216,22.222221,0.1017909,7.1294365,3.0
0,510,5,7,24.74,13.19592,22.222221,0.6042484,0.44758236,2.0
0,511,5,8,27.04,10.022442,22.277779,0.8462375,3.4623494,2.0
0,512,5,9,29.64,11.21831,22.777779,0.35631981,2.469271,2.0
0,513,5,10,32.08,13.281191,24.444445,0.47492018,1.6034664,1.0
0,514,5,11,34.32,13.53992,24.444445,0.09404877,0.9867526,2.0
0,515,5,12,36.16,17.239885,24.444445,0.69747716,0.053443313,2.0
0,516,5,13,37.53,13.142264,24.444445,0.25612262,3.3409407,1.0
0,517,5,14,38.42,16.735043,25.11111,0.038790457,-0.071827054,1.0
0,518,5,15,38.73,20.405565,24.944445,0.10593817,-1.8002871,2.0
0,519,5,16,38.57,21.541828,23.333334,0.5825787,-2.5060735,2.0
0,520,5,17,37.74,18.379257,23.722221,0.62318826,4.962188,3.0
0,521,5,18,36.26,19.025747,24.444445,0.027899694,2.5984483,3.0
0,522,5,19,34.1,22.576973,24.444445,0.2717521,1.6814307,3.0
0,523,5,20,31.75,19.98425,24.444445,0.2768724,2.3008177,3.0
0,524,5,21,30.12,20.63146,24.444445,0.5987992,1.7709173,3.0
0,525,5,22,28.95,17.910862,24.444445,0.22902973,3.0979483,3.0
0,526,5,23,27.87,19.550053,24.444445,0.200986,1.1673776,3.0
0,527,5,24,26.89,19.681555,24.444445,0.3368886,-0.87751937,3.0
0,528,6,1,26.04,18.304626,23.38889,0.20116821,2.6945114,3.0
0,529,6,2,25.34,19.213833,24.444445,0.31910872,2.3115954,3.0
0,530,6,3,24.74,17.820454,24.444445,0.15585214,2.8469388,3.0
0,531,6,4,24.21,19.076546,24.444445,0.8321727,-0.10321045,3.0
0,532,6,5,23.89,14.879834,24.444445,0.18260226,4.2895527,3.0
0,533,6,6,23.81,17.007725,24.444445,0.5179121,1.6690552,3.0
0,534,6,7,25.1,14.839094,24.444445,0.35100746,1.2736785,3.0
0,535,6,8,27.21,16.399818,23.055555,0.41853946,2.0191853,3.0
0,536,6,9,29.58,16.229929,22.777779,0.09317112,1.5584655,3.0
0,537,6,10,32.01,19.288424,24.166666,0.04138418,0.8881134,2.0
0,538,6,11,34.16,21.330801,24.444445,0.50934404,3.5374117,2.0
0,539,6,12,35.86,17.94296,24.444445,0.044522084,0.91701865,2.0
0,540,6,13,37.12,21.510967,24.444445,0.2307867,-0.32137704,1.0
0,541,6,14,37.83,21.459293,24.444445,0.90253204,-0.6234133,2.0
0,542,6,15,37.89,17.92927,24.444445,0.931876,4.2825966,2.0
0,543,6,16,37.31,18.247885,24.444445,0.2981826,10.136397,2.0
0,544,6,17,36.21,20.853699,24.444445,0.37055975,2.6947694,1.0
0,545,6,18,34.55,20.492304,24.333334,0.36733416,0.7490304,2.0
0,546,6,19,32.67,20.727324,23.88889,0.0002203195,1.9716158,2.0
0,547,6,20,30.59,23.802662,24.0,0.6421304,0.5684103,3.0
0,548,6,21,29.04,16.471624,24.444445,0.69032156,3.2496693,3.0
0,549,6,22,27.86,17.30069,24.444445,0.88240814,4.4468307,3.0
0,550,6,23,26.82,14.650589,22.222221,0.5271332,5.4874115,3.0
0,551,6,24,26.04,15.113815,22.222221,0.57400733,3.1098099,3.0
0,552,7,1,25.54,14.215018,23.277779,0.45744827,3.6331272,3.0
0,553,7,2,25.23,14.230928,22.222221,0.93439245,4.032767,3.0
0,554,7,3,25.04,12.625916,23.666666,0.35015824,4.2595687,3.0
0,555,7,4,24.9,14.00445,23.88889,0.9651477,0.8689175,3.0
0,556,7,5,24.73,11.125175,22.444445,0.36297694,3.1308722,3.0
0,557,7,6,24.6,12.887567,22.222221,0.287771,0.9376911,3.0
0,558,7,7,25.51,13.32394,22.222221,0.98995894,1.7331324,3.0
0,559,7,8,27.4,10.877241,22.277779,0.9154686,5.270587,2.0
0,560,7,9,29.29,11.828512,24.444445,0.91537356,2.6813216,2.0
0,561,7,10,31.17,11.172027,24.444445,0.4668545,5.773519,1.0
0,562,7,11,32.75,13.14482,24.444445,0.50228333,1.2291238,1.0
0,563,7,12,34.07,13.362304,24.444445,0.10499383,-0.90388286,1.0
0,564,7,13,35.8,17.21322,24.444445,0.58786345,5.474635,2.0
0,565,7,14,36.82,13.923413,25.444445,0.23863146,5.7104626,2.0
0,566,7,15,37.01,17.25092,26.666666,0.9720535,0.3029046,2.0
0,567,7,16,36.56,12.628429,24.222221,0.37788942,1.5985059,2.0
0,568,7,17,35.34,16.040386,23.333334,0.12863022,1.2642013,2.0
0,569,7,18,33.85,18.908506,24.055555,0.4802171,2.0941646,3.0
0,570,7,19,31.98,15.843906,24.444445,0.8674559,1.8404484,3.0
0,571,7,20,30.03,14.851648,24.277779,0.27430508,4.638435,3.0
0,572,7,21,28.71,16.731304,23.88889,0.216714,1.308981,3.0
0,573,7,22,27.68,17.08636,24.055555,0.3344455,1.4187703,3.0
0,574,7,23,26.75,16.124044,24.444445,0.7233924,5.64306,3.0
0,575,7,24,26.01,13.950741,24.444445,0.18986103,4.1308665,3.0
0,576,1,1,25.61,16.181057,23.277779,0.12998694,1.7205675,3.0
0,577,1,2,25.46,16.759104,22.38889,0.7608693,-0.10796076,3.0
0,578,1,3,25.35,12.815219,23.333334,0.5739002,2.0024707,3.0
0,579,1,4,25.3,13.814105,23.166666,0.81337184,2.2022915,3.0
0,580,1,5,25.21,12.152338,22.222221,0.34197745,5.2695045,3.0
0,581,1,6,25.11,13.818208,22.222221,0.88990057,2.3684635,3.0
0,582,1,7,25.61,10.941631,22.222221,0.9417276,5.9810433,1.0
0,583,1,8,26.56,11.419016,22.277779,0.45462894,5.050394,1.0
0,584,1,9,27.84,12.325052,22.777779,0.19090846,1.8052464,1.0
0,585,1,10,29.19,14.770793,24.444445,0.6654213,2.3958375,1.0
0,586,1,11,30.76,11.804377,24.444445,0.82767475,1.5536388,1.0
0,587,1,12,32.12,12.715617,24.444445,0.2164661,4.624726,1.0
0,588,1,13,33.37,15.743414,24.444445,0.8661898,-1.3427092,1.0
0,589,1,14,33.96,11.958076,24.444445,0.30786973,1.7734915,2.0
0,590,1,15,34.01,15.311476,24.444445,0.5478462,1.5218307,2.0
0,591,1,16,33.62,13.788245,24.444445,0.65418714,2.9410791,1.0
0,592,1,17,32.92,14.41082,24.444445,0.5641544,2.2250977,1.0
0,593,1,18,32.09,14.678071,25.444445,0.18992576,3.8552437,1.0
0,594,1,19,30.95,17.001968,26.38889,0.49986413,1.6084937,1.0
0,595,1,20,29.22,14.089876,24.444445,0.90242875,4.885764,2.0
0,596,1,21,27.99,13.544645,24.444445,0.30966952,3.4132445,3.0
0,597,1,22,27.18,15.187632,24.444445,0.429257,2.7944312,3.0
0,598,1,23,26.48,13.872163,24.444445,0.8047262,2.7003274,3.0
0,599,1,24,25.9,12.789148,24.444445,0.56779987,3.6008925,3.0
0,600,2,1,25.51,12.853766,23.333334,0.16199347,3.516449,3.0
0,601,2,2,25.2,15.036793,22.222221,0.61248034,0.3309518,3.0
0,602,2,3,24.95,11.369194,22.222221,0.3943655,2.3672395,3.0
0,603,2,4,24.75,13.23144,22.222221,0.78393817,2.5501258,3.0
0,604,2,5,24.54,11.290011,22.222221,0.53841746,2.6066813,3.0
0,605,2,6,24.42,12.522726,22.222221,0.18496081,6.3277264,3.0
0,606,2,7,25.18,14.372528,22.222221,0.9688164,-0.28367963,2.0
0,607,2,8,26.26,10.610958,22.222221,0.45193756,8.124261,2.0
0,608,2,9,28.01,12.727627,22.777779,0.95366037,0.310023,1.0
0,609,2,10,29.9,10.854497,24.444445,0.56769174,4.1621156,1.0
0,610,2,11,31.94,12.799492,24.444445,0.13143001,0.070718765,1.0
0,611,2,12,33.56,16.106594,24.444445,0.14845173,1.0131248,1.0
0,612,2,13,34.74,17.13198,24.444445,0.6172717,0.9440961,1.0
0,613,2,14,35.33,14.527031,24.444445,0.71068156,0.48144472,1.0
0,614,2,15,35.53,15.071533,24.444445,0.44654378,3.0279865,1.0
0,615,2,16,35.37,16.404394,24.11111,0.45861995,1.0461042,1.0
0,616,2,17,34.88,16.744804,23.88889,0.828484,0.42633677,2.0
0,617,2,18,34.12,15.19379,24.444445,0.5234907,1.9755384,3.0
0,618,2,19,32.56,16.499207,25.166666,0.2735019,4.3461027,3.0
0,619,2,20,30.49,17.667385,24.444445,0.6726172,-0.08918999,3.0
0,620,2,21,29.46,14.9866295,24.444445,0.18724844,4.1649046,3.0
0,621,2,22,28.37,17.472523,24.444445,0.17523544,3.5867534,3.0
0,622,2,23,27.42,17.714443,24.444445,0.63264257,1.4305582,3.0
0,623,2,24,26.54,14.169116,22.777779,0.5187997,3.8019245,3.0
0,624,3,1,25.76,14.901154,23.333334,0.17810978,2.5213523,3.0
0,625,3,2,25.09,16.439215,22.222221,0.021151217,1.0872539,3.0
0,626,3,3,24.46,18.546322,22.222221,0.5214527,0.08682361,3.0
0,627,3,4,23.94,13.072769,22.222221,0.8843565,2.8637092,3.0
0,628,3,5,23.77,13.879488,22.222221,0.7558957,3.0526876,3.0
0,629,3,6,23.76,13.040766,22.222221,0.9701696,1.4136689,3.0
0,630,3,7,25.0,12.294422,22.222221,0.9134387,5.495524,2.0
0,631,3,8,27.06,11.798985,22.222221,0.2375057,5.7325544,2.0
0,632,3,9,29.44,14.100739,22.777779,0.6763405,1.1389394,0.0
0,633,3,10,31.88,12.091496,24.444445,0.90987045,1.0849904,1.0
0,634,3,11,34.1,12.61405,24.444445,0.6832032,2.131893,1.0
0,635,3,12,35.81,13.409099,24.444445,0.5225089,3.198814,1.0
0,636,3,13,37.03,14.932032,26.38889,0.3955196,1.1830498,1.0
0,637,3,14,37.82,16.545507,26.666666,0.62753844,-0.54559577,1.0
0,638,3,15,38.27,15.916726,25.0,0.31100315,2.4741478,2.0
0,639,3,16,38.35,18.605947,24.444445,0.44568586,-0.6687226,2.0
0,640,3,17,37.98,18.327465,24.444445,0.70439047,3.9084058,2.0
0,641,3,18,37.01,17.862246,26.666666,0.78961456,3.3383923,3.0
0,642,3,19,35.2,17.108654,26.0,0.4440297,2.8243077,2.0
0,643,3,20,32.1,17.83963,23.333334,0.9440922,2.6266272,2.0
0,644,3,21,30.35,15.268322,24.444445,0.2037468,2.4767487,3.0
0,645,3,22,29.03,17.768087,24.444445,0.84629554,6.3492875,3.0
0,646,3,23,28.01,13.633644,24.444445,0.78892326,5.8183737,3.0
0,647,3,24,27.13,14.068718,22.222221,0.36009306,3.7014265,3.0
0,648,4,1,26.35,14.943262,23.333334,0.74822754,1.847397,3.0
0,649,4,2,25.63,12.462581,22.222221,0.17086735,2.5254254,3.0
0,650,4,3,24.95,14.952135,22.222221,0.87555945,0.88272804,3.0
0,651,4,4,24.36,11.151343,22.222221,0.6758755,2.0309772,3.0
0,652,4,5,23.88,12.404942,22.222221,0.5733421,5.2152123,3.0
0,653,4,6,23.9,11.995623,22.222221,0.87034446,4.6334023,3.0
0,654,4,7,25.5,11.457087,22.222221,0.95660055,4.179831,2.0
0,655,4,8,27.56,11.08252,22.222221,0.7542592,7.1354284,2.0
0,656,4,9,30.04,11.18676,22.222221,0.057205927,2.7642584,1.0
0,657,4,10,32.5,15.046715,24.444445,0.8975335,-0.5128315,1.0
0,658,4,11,34.66,10.456814,24.444445,0.71954614,2.7165275,1.0
0,659,4,12,36.4,12.638831,22.222221,0.73644775,2.7123713,1.0
0,660,4,13,37.71,12.92888,24.444445,0.6581851,2.3456402,1.0
0,661,4,14,38.59,14.228331,24.444445,0.5785242,1.1400503,1.0
0,662,4,15,38.98,15.323311,24.444445,0.84275544,2.9179885,1.0
0,663,4,16,38.86,14.565861,24.444445,0.9278724,3.1093493,1.0
0,664,4,17,38.14,14.796866,24.444445,0.19459052,2.4204037,2.0
0,665,4,18,36.8,18.509537,24.444445,0.064652786,1.3538475,3.0
0,666,4,19,34.76,20.95842,24.444445,0.51534647,2.1545987,3.0
0,667,4,20,32.25,16.57811,24.444445,0.788387,4.2952967,3.0
0,668,4,21,30.37,16.282778,24.444445,0.44874513,3.946897,3.0
0,669,4,22,29.07,16.808182,24.444445,0.9455348,7.9894495,3.0
0,670,4,23,27.98,14.046575,24.444445,0.8436497,2.9810154,2.0
0,671,4,24,27.03,13.780157,24.444445,0.9203936,3.0537071,2.0
0,672,5,1,26.23,12.316133,23.333334,0.1159086,4.1331916,2.0
0,673,5,2,25.7,15.109638,22.222221,0.85750806,0.8294015,3.0
0,674,5,3,25.4,10.324358,22.222221,0.57295674,3.875469,3.0
0,675,5,4,25.18,12.009033,22.222221,0.23410387,2.7047129,3.0
0,676,5,5,24.9,13.290391,22.222221,0.97274727,1.3106849,3.0
0,677,5,6,24.73,10.786936,22.222221,0.98485196,5.0639715,3.0
0,678,5,7,25.94,11.2630625,22.222221,0.9652707,6.9237294,3.0
0,679,5,8,28.09,10.498002,22.222221,0.9655281,6.3812933,2.0
0,680,5,9,30.4,10.449285,22.777779,0.6106167,3.7885184,1.0
0,681,5,10,32.62,11.628953,24.444445,0.8261194,2.0092058,1.0
0,682,5,11,34.62,10.854296,22.777779,0.46265957,3.4799228,1.0
0,683,5,12,36.34,13.323498,24.444445,0.61245114,0.71180737,1.0
0,684,5,13,37.59,12.758068,22.222221,0.19381197,2.040969,1.0
0,685,5,14,38.44,16.563755,24.444445,0.53871924,-2.5479796,1.0
0,686,5,15,38.69,14.854261,24.444445,0.5002884,0.59462047,1.0
0,687,5,16,38.5,16.757053,24.444445,0.6670271,1.1294678,1.0
0,688,5,17,37.64,15.928812,24.444445,0.58913434,3.1706936,1.0
0,689,5,18,36.0,16.959164,25.944445,0.7600443,3.3452733,2.0
0,690,5,19,33.82,15.970239,26.444445,0.29728726,4.599076,3.0
0,691,5,20,31.5,17.923525,24.444445,0.4293512,4.775856,3.0
0,692,5,21,29.83,16.639185,24.444445,0.8880129,1.985443,3.0
0,693,5,22,28.58,14.263245,22.222221,0.915451,3.3384235,3.0
0,694,5,23,27.54,13.377711,21.11111,0.7994481,6.2206726,3.0
0,695,5,24,26.71,12.699729,21.666666,0.11273725,3.238133,3.0
0,696,6,1,26.08,15.5120125,23.333334,0.90149057,1.8432581,3.0
0,697,6,2,25.72,10.724371,23.722221,0.0696259,3.0331888,3.0
0,698,6,3,25.58,14.071527,24.444445,0.63605547,-1.286494,3.0
0,699,6,4,25.43,10.549706,24.444445,0.6486145,3.1623647,3.0
0,700,6,5,25.25,12.151634,24.444445,0.69163805,2.7868135,3.0
0,701,6,6,25.09,11.448736,24.444445,0.35456908,3.4169848,3.0
0,702,6,7,26.12,13.078006,24.444445,0.11432067,1.5957094,3.0
0,703,6,8,28.0,15.535762,24.444445,0.58643687,1.1338723,3.0
0,704,6,9,30.24,12.549583,24.444445,0.8875245,6.9150624,3.0
0,705,6,10,32.59,13.026913,24.444445,0.034323476,3.840632,2.0
0,706,6,11,34.78,17.281536,24.444445,0.8606697,-0.036468506,2.0
0,707,6,12,36.65,11.530141,24.444445,0.6707633,2.6823077,2.0
0,708,6,13,38.1,14.391358,24.444445,0.41888672,1.7079772,2.0
0,709,6,14,39.04,16.313581,24.444445,0.43358457,2.2039542,2.0
0,710,6,15,39.38,17.522312,24.444445,0.39987683,-0.37676036,3.0
0,711,6,16,39.06,18.615099,24.444445,0.43090433,3.9893894,2.0
0,712,6,17,38.12,18.87603,24.444445,0.5184909,2.4089236,1.0
0,713,6,18,36.6,18.60495,24.444445,0.4599454,2.3865948,2.0
0,714,6,19,34.52,18.933918,25.055555,0.41253537,1.3333783,2.0
0,715,6,20,31.98,18.651525,24.444445,0.0696579,0.4937501,1.0
0,716,6,21,29.92,21.250086,24.444445,0.73609626,1.2040266,1.0
0,717,6,22,28.48,14.508812,24.444445,0.45376772,7.480919,2.0
0,718,6,23,27.27,16.090286,24.444445,0.43942612,2.6486018,2.0
0,719,6,24,26.26,14.787454,21.666666,0.14157322,2.2481883,3.0
1,0,5,1,24.66,24.278513,24.444445,0.57653916,0.18733284,1.0
1,1,5,2,24.07,24.264734,24.444445,0.8743209,0.48373848,1.0
1,2,5,3,23.9,24.214113,24.444445,0.83784604,0.106619924,1.0
1,3,5,4,23.87,24.119434,24.444445,0.8875501,0.18735151,1.0
1,4,5,5,23.83,23.9955,24.444445,0.35665992,0.2828809,1.0
1,5,5,6,23.85,23.893332,24.444445,0.04561806,3.3858318,1.0
1,6,5,7,24.98,24.19646,24.777779,0.98521405,-1.1086056,1.0
1,7,5,8,26.94,24.848763,25.0,0.3207704,0.04902792,1.0
1,8,5,9,29.3,24.99118,25.0,0.5997587,1.4957306,1.0
1,9,5,10,31.66,24.99819,25.0,0.44529852,0.6491661,1.0
1,10,5,11,33.87,24.998137,25.0,0.2776351,1.44399,1.0
1,11,5,12,35.9,24.997787,25.0,0.7967235,0.54140455,0.0
1,12,5,13,37.51,24.996828,25.0,0.032466438,3.5597177,1.0
1,13,5,14,38.69,25.450634,25.0,0.5247465,1.3466761,0.0
1,14,5,15,39.3,25.835865,25.0,0.01841348,1.2948177,0.0
1,15,5,16,39.53,29.264124,25.0,0.9836339,0.8425416,1.0
1,16,5,17,39.16,23.717937,25.0,0.23952295,1.213032,1.0
1,17,5,18,38.12,26.899714,25.0,0.6433306,-1.3012124,1.0
1,18,5,19,36.11,24.28357,25.0,0.45081806,3.533909,0.0
1,19,5,20,32.61,24.588055,25.0,0.45680723,2.9889321,1.0
1,20,5,21,31.19,24.004204,25.0,0.6747187,1.3362062,1.0
1,21,5,22,29.6,22.011135,23.38889,0.6967201,0.99485505,1.0
1,22,5,23,28.04,20.421062,22.777779,0.8875488,1.7088686,0.0
1,23,5,24,26.8,18.449348,23.944445,0.30415666,2.8367088,0.0
1,24,6,1,25.85,19.887373,24.444445,0.8067809,0.3165524,0.0
1,25,6,2,25.19,16.51669,23.444445,0.10901502,1.9778701,1.0
1,26,6,3,24.85,18.89478,22.777779,0.7900732,0.4297585,1.0
1,27,6,4,24.76,15.35646,23.777779,0.75387627,1.9670103,1.0
1,28,6,5,24.75,15.132653,24.444445,0.63570035,5.026019,1.0
1,29,6,6,24.69,15.231325,24.444445,0.6520182,1.4160227,1.0
1,30,6,7,25.41,15.292616,24.777779,0.8810092,-0.7866693,1.0
1,31,6,8,27.01,14.7625065,25.0,0.31744006,4.0996547,1.0
1,32,6,9,29.38,17.124758,25.0,0.07029529,2.073986,0.0
1,33,6,10,32.06,19.47925,25.0,0.50388277,-0.10532832,0.0
1,34,6,11,34.51,19.233551,25.0,0.68917656,-0.55432737,1.0
1,35,6,12,36.64,20.270685,25.0,0.612378,4.01715,1.0
1,36,6,13,38.33,21.594732,24.88889,0.06231548,2.8028674,1.0
1,37,6,14,39.51,25.44627,23.88889,0.10426232,0.0076827407,1.0
1,38,6,15,40.18,27.271143,24.0,0.041337658,0.051282287,1.0
1,39,6,16,40.32,29.289314,25.0,0.33729383,-0.005810797,1.0
1,40,6,17,39.76,28.328392,25.0,0.7805583,0.7004471,1.0
1,41,6,18,38.66,25.566647,25.0,0.8326848,1.7487073,0.0
1,42,6,19,36.54,24.95198,25.0,0.18405652,2.0847263,1.0
1,43,6,20,32.42,26.37003,25.0,0.7224457,0.72195774,1.0
1,44,6,21,31.33,22.532703,25.0,0.42571962,2.4447722,1.0
1,45,6,22,30.82,23.34775,24.944445,0.67226857,2.1718092,1.0
1,46,6,23,29.33,21.262075,24.444445,0.58385843,0.6817312,1.0
1,47,6,24,27.83,20.842344,24.444445,0.8760223,2.6270852,1.0
1,48,7,1,26.69,18.468084,24.444445,0.33826655,2.226032,1.0
1,49,7,2,25.99,19.730932,24.444445,0.4897793,0.95036614,1.0
1,50,7,3,25.54,18.681404,24.444445,0.78628784,0.35695457,1.0
1,51,7,4,25.23,16.937298,24.444445,0.52566457,2.9322736,1.0
1,52,7,5,25.04,17.348246,24.444445,0.23641469,1.4972981,1.0
1,53,7,6,24.9,18.549854,24.444445,0.37718377,-0.18160236,1.0
1,54,7,7,25.33,18.283455,24.777779,0.46791983,2.1167076,1.0
1,55,7,8,26.38,18.441893,25.0,0.334641,0.31966764,1.0
1,56,7,9,28.36,19.460299,25.0,0.100275,-0.9834901,0.0
1,57,7,10,30.53,21.237217,25.0,0.36644205,1.1324171,0.0
1,58,7,11,32.62,21.291286,25.0,0.2591995,2.7679548,0.0
1,59,7,12,32.22,22.627958,25.0,0.08465948,0.021196067,1.0
1,60,7,13,31.18,24.644424,24.61111,0.8407864,0.010830343,1.0
1,61,7,14,31.74,20.490839,23.333334,0.48364908,1.7189178,1.0
1,62,7,15,31.79,21.874487,23.722221,0.55158365,0.92828137,1.0
1,63,7,16,31.57,21.888725,25.0,0.8263833,1.228881,1.0
1,64,7,17,31.08,20.636814,25.0,0.7313805,1.8882432,1.0
1,65,7,18,30.12,20.469517,25.0,0.6846511,1.8730955,1.0
1,66,7,19,28.69,19.88301,25.0,0.5687707,1.8556932,1.0
1,67,7,20,26.94,19.643663,25.0,0.026738675,4.3584824,1.0
1,68,7,21,26.31,21.975443,24.666666,0.057638876,1.0107499,1.0
1,69,7,22,25.89,22.396881,23.61111,0.5508936,0.2689969,1.0
1,70,7,23,25.39,19.447582,23.333334,0.25266945,1.8031003,1.0
1,71,7,24,24.88,20.42109,24.0,0.7203262,0.7769686,1.0
1,72,1,1,24.76,17.64915,24.444445,0.8598829,1.8269658,1.0
1,73,1,2,24.63,16.628136,24.277779,0.5108961,1.6212256,1.0
1,74,1,3,24.46,17.094439,22.777779,0.29448757,1.8864852,1.0
1,75,1,4,24.24,17.901295,22.944445,0.50809175,-0.17885709,1.0
1,76,1,5,23.72,16.89573,24.444445,0.5929589,-0.5819746,1.0
1,77,1,6,23.38,16.380083,24.444445,0.04410166,1.521753,1.0
1,78,1,7,23.76,18.786201,24.777779,0.7358886,3.333528,1.0
1,79,1,8,24.94,15.838187,25.0,0.6829776,0.84839356,1.0
1,80,1,9,26.74,16.273424,25.0,0.25888547,3.5016067,0.0
1,81,1,10,28.26,18.237074,25.0,0.8048055,1.01962,0.0
1,82,1,11,29.16,16.345043,25.0,0.51464504,2.1233373,0.0
1,83,1,12,29.61,17.88631,25.0,0.7130628,1.4526743,0.0
1,84,1,13,29.72,17.244907,25.0,0.7590417,1.827263,0.0
1,85,1,14,29.77,17.473438,25.0,0.5888085,0.86572444,0.0
1,86,1,15,29.63,18.417091,25.0,0.778269,2.4042556,1.0
1,87,1,16,29.52,18.202637,25.0,0.8406026,1.1791267,1.0
1,88,1,17,29.58,18.362665,25.0,0.5065584,2.6586163,1.0
1,89,1,18,29.77,19.66056,25.0,0.9205148,2.4643784,1.0
1,90,1,19,29.11,18.014942,25.0,0.26171434,2.5744643,1.0
1,91,1,20,27.63,20.090998,25.0,0.62357473,0.14848578,1.0
1,92,1,21,26.01,18.06011,25.0,0.97768056,2.7653334,1.0
1,93,1,22,25.2,16.571165,24.944445,0.5512284,1.577095,1.0
1,94,1,23,24.8,17.374733,24.444445,0.99527794,2.6973257,1.0
1,95,1,24,24.42,14.838709,23.61111,0.14832516,1.5489368,1.0
1,96,2,1,23.87,17.61531,22.777779,0.7301836,-1.4249406,1.0
1,97,2,2,23.24,14.722845,23.61111,0.16096105,1.7801387,1.0
1,98,2,3,22.79,17.16885,24.444445,0.39680257,2.0573642,1.0
1,99,2,4,22.42,16.1333,24.444445,0.8099535,-0.27372515,1.0
1,100,2,5,22.17,14.429071,24.444445,0.1916759,2.2479787,1.0
1,101,2,6,22.22,16.561451,24.444445,0.7282403,2.908759,1.0
1,102,2,7,23.54,14.820658,24.944445,0.28713384,0.412693,1.0
1,103,2,8,25.55,17.249153,25.0,0.22104587,1.2005546,1.0
1,104,2,9,27.75,18.609997,25.0,0.5803284,0.5409079,1.0
1,105,2,10,30.04,18.391823,25.0,0.49238166,3.6331306,1.0
1,106,2,11,32.26,19.374632,23.333334,0.44075897,1.7978209,0.0
1,107,2,12,34.12,20.324707,23.333334,0.96585804,2.0376017,0.0
1,108,2,13,35.51,19.328432,23.444445,0.22907755,2.0603225,0.0
1,109,2,14,36.45,22.013287,23.5,0.5994963,-0.6766895,0.0
1,110,2,15,36.9,21.794859,23.61111,0.7851742,-0.69633114,0.0
1,111,2,16,37.01,21.990463,23.666666,0.9974318,3.9169111,0.0
1,112,2,17,36.62,21.691145,23.777779,0.64604545,2.273411,1.0
1,113,2,18,35.69,22.848526,23.88889,0.9171918,-0.77277005,1.0
1,114,2,19,33.94,21.161074,23.944445,0.34910166,2.170847,0.0
1,115,2,20,29.92,22.204256,24.055555,0.25113413,1.1282287,0.0
1,116,2,21,28.61,22.729458,24.11111,0.20628725,2.3451903,1.0
1,117,2,22,27.93,23.065899,24.222221,0.31463596,2.6159086,1.0
1,118,2,23,27.38,22.475887,24.333334,0.9963313,-0.036607027,1.0
1,119,2,24,26.58,18.878147,24.38889,0.368284,3.645012,1.0
1,120,3,1,25.33,19.586098,23.333334,0.85317826,-0.06266236,1.0
1,121,3,2,24.46,17.109364,23.944445,0.11757417,3.3128288,1.0
1,122,3,3,23.84,19.252708,25.0,0.590275,-0.59983784,1.0
1,123,3,4,23.41,16.98136,25.0,0.08491442,-0.40511227,1.0
1,124,3,5,23.08,19.077147,25.0,0.09026594,0.33716807,1.0
1,125,3,6,23.21,19.664562,25.0,0.45172775,0.47275174,1.0
1,126,3,7,24.63,18.63847,25.0,0.37764508,1.3150421,1.0
1,127,3,8,26.79,19.431168,25.0,0.91749454,1.1313565,1.0
1,128,3,9,28.81,18.101408,25.0,0.7254592,2.3267462,1.0
1,129,3,10,30.8,18.803513,25.0,0.43937886,1.7965904,0.0
1,130,3,11,32.67,20.277164,25.0,0.582994,0.97491324,0.0
1,131,3,12,34.21,20.678999,25.0,0.59891516,1.4668782,0.0
1,132,3,13,35.35,21.47537,24.11111,0.028331125,1.4739796,0.0
1,133,3,14,36.21,24.722849,23.88889,0.71251696,-0.19418985,0.0
1,134,3,15,36.76,22.399252,24.777779,0.32611054,1.3302782,0.0
1,135,3,16,36.87,24.60675,25.0,0.104395844,0.53896236,0.0
1,136,3,17,36.41,27.182398,25.0,0.6174193,0.09572768,0.0
1,137,3,18,35.44,24.208303,25.0,0.25093102,1.3797531,0.0
1,138,3,19,33.2,26.08128,25.0,0.83363754,0.84837586,1.0
1,139,3,20,29.93,21.488503,25.0,0.06282784,5.106594,1.0
1,140,3,21,28.88,23.928047,25.0,0.6412323,0.6653228,1.0
1,141,3,22,28.39,20.860432,25.0,0.39353415,0.651954,1.0
1,142,3,23,27.54,21.478743,25.0,0.8270689,1.8465817,1.0
1,143,3,24,26.68,18.661242,23.333334,0.3783145,-0.08499336,1.0
1,144,4,1,25.88,19.337996,23.333334,0.102756,0.43801767,1.0
1,145,4,2,25.13,21.10238,25.0,0.8606233,0.91376144,1.0
1,146,4,3,24.47,16.909786,25.0,0.21230885,1.7235576,1.0
1,147,4,4,23.69,18.578957,25.0,0.62082905,1.5244734,1.0
1,148,4,5,22.93,16.51517,25.0,0.5188466,1.2891626,1.0
1,149,4,6,22.9,16.613144,25.0,0.7961499,3.9457812,1.0
1,150,4,7,24.56,15.819034,25.0,0.20086107,0.87692297,1.0
1,151,4,8,26.64,18.04839,25.0,0.36809662,-0.41885203,0.0
1,152,4,9,28.76,18.47234,24.444445,0.08767068,3.734007,0.0
1,153,4,10,30.85,20.521332,23.222221,0.5032506,-1.4361479,0.0
1,154,4,11,32.8,20.320065,24.88889,0.043113012,2.4947784,0.0
1,155,4,12,34.44,23.226337,25.0,0.3680468,1.4460088,0.0
1,156,4,13,35.6,23.219202,25.0,0.022688929,0.7372103,0.0
1,157,4,14,36.42,26.004257,25.0,0.22803554,-0.92412734,0.0
1,158,4,15,36.83,26.117622,25.0,0.4058179,-0.8806891,0.0
1,159,4,16,36.96,25.92302,25.0,0.50929195,2.686091,0.0
1,160,4,17,36.48,25.7406,25.0,0.6382476,1.0419909,0.0
1,161,4,18,35.0,24.90548,25.0,0.7999042,1.4347222,0.0
1,162,4,19,32.24,23.152082,25.0,0.096425794,1.02697,0.0
1,163,4,20,29.68,25.050987,25.0,0.9617082,-1.6087738,0.0
1,164,4,21,28.87,19.911587,25.0,0.79515713,2.4505656,1.0
1,165,4,22,28.32,19.614416,25.0,0.58528566,2.0028653,1.0
1,166,4,23,27.26,19.530886,24.555555,0.081027746,1.5116273,1.0
1,167,4,24,26.0,21.56673,23.38889,0.5384004,0.38704562,1.0
1,168,5,1,24.66,18.466219,22.222221,0.48675555,2.5331063,1.0
1,169,5,2,23.52,17.925411,21.666666,0.16132605,3.1057665,1.0
1,170,5,3,22.63,19.369606,23.277779,0.8218916,0.94430876,1.0
1,171,5,4,22.0,15.666248,25.0,0.7023312,2.0659018,1.0
1,172,5,5,21.62,15.07527,25.0,0.40743136,0.8499385,1.0
1,173,5,6,21.38,16.035547,25.0,0.9339236,2.1460283,1.0
1,174,5,7,23.52,13.817781,25.0,0.79312015,2.3718157,1.0
1,175,5,8,26.01,14.544522,25.0,0.0018091357,1.6167483,1.0
1,176,5,9,28.45,17.838978,25.0,0.76316375,1.223542,0.0
1,177,5,10,30.76,16.09909,25.0,0.51775545,1.9553845,0.0
1,178,5,11,32.72,17.871384,25.0,0.91181886,1.2160945,0.0
1,179,5,12,34.33,17.370564,25.0,0.81037396,2.0014207,0.0
1,180,5,13,35.61,18.389809,25.0,0.8757333,1.8325136,0.0
1,181,5,14,36.49,18.850618,25.0,0.017577877,0.29940176,0.0
1,182,5,15,36.73,22.575888,25.0,0.48841548,-1.6064689,0.0
1,183,5,16,36.46,22.024372,25.0,0.32723057,3.8960884,0.0
1,184,5,17,36.05,23.659986,25.0,0.7713832,0.9186499,0.0
1,185,5,18,35.07,22.025318,25.0,0.5718736,1.7398863,0.0
1,186,5,19,33.22,22.452045,25.0,0.02504986,0.5079827,0.0
1,187,5,20,30.26,24.76853,25.0,0.22167899,0.7494046,1.0
1,188,5,21,28.97,23.550657,25.0,0.79172164,1.5480263,1.0
1,189,5,22,28.48,20.589981,25.0,0.94877887,1.1549147,1.0
1,190,5,23,27.85,18.754837,25.0,0.14996369,3.5760136,1.0
1,191,5,24,26.49,20.879086,25.0,0.518522,-0.519067,1.0
1,192,6,1,25.51,19.026468,25.0,0.15912533,2.5045753,1.0
1,193,6,2,24.76,20.41117,25.0,0.042296465,0.5738425,1.0
1,194,6,3,24.22,21.521246,25.0,0.88014287,-0.3893578,1.0
1,195,6,4,23.85,16.304214,25.0,0.5686906,2.169682,1.0
1,196,6,5,23.5,16.588255,25.0,0.07519965,-0.62126887,1.0
1,197,6,6,23.29,18.82492,25.0,0.2817959,0.31785724,1.0
1,198,6,7,24.57,18.740507,25.0,0.96315134,0.89115787,1.0
1,199,6,8,26.51,16.394667,25.0,0.025278196,3.5170414,1.0
1,200,6,9,28.79,19.662863,25.0,0.1333129,1.4466839,1.0
1,201,6,10,30.92,21.184158,25.0,0.42251116,0.45211232,1.0
1,202,6,11,32.81,21.471142,25.0,0.13583106,1.047148,1.0
1,203,6,12,34.37,23.988861,25.0,0.17720732,1.595344,1.0
1,204,6,13,35.53,25.027924,25.0,0.8400651,0.5981622,1.0
1,205,6,14,36.26,22.21925,25.0,0.2000406,1.7986579,1.0
1,206,6,15,36.54,24.899063,25.0,0.40801796,-0.44220942,1.0
1,207,6,16,36.22,24.863667,25.0,0.21611725,-1.0889267,1.0
1,208,6,17,35.35,26.178444,25.0,0.958154,2.1062965,1.0
1,209,6,18,34.01,22.126873,25.0,0.680604,1.3675772,1.0
1,210,6,19,32.15,22.600874,25.0,0.1195783,1.9720759,1.0
1,211,6,20,29.14,24.465214,25.0,0.64361817,0.046295032,1.0
1,212,6,21,27.8,20.819118,25.0,0.7116383,1.8071142,1.0
1,213,6,22,27.02,20.035942,25.0,0.30149254,3.2855086,1.0
1,214,6,23,26.43,21.062119,25.0,0.27606094,3.5952668,1.0
1,215,6,24,25.82,21.18842,25.0,0.46118835,0.37508586,1.0
1,216,7,1,25.19,19.991049,25.0,0.23289992,1.7624594,1.0
1,217,7,2,24.48,20.661396,25.0,0.29977462,0.4221432,1.0
1,218,7,3,23.92,20.09109,25.0,0.63067436,-1.1318144,1.0
1,219,7,4,23.51,17.943007,25.0,0.32745168,2.2626255,1.0
1,220,7,5,23.37,18.776001,25.0,0.18695493,-0.3698923,1.0
1,221,7,6,23.38,19.437172,25.0,0.07696121,1.9201696,1.0
1,222,7,7,24.62,20.684711,25.0,0.11633042,-0.7465005,1.0
1,223,7,8,26.63,21.40939,25.0,0.009935935,0.43235952,1.0
1,224,7,9,29.37,22.946497,25.0,0.5536092,0.18312395,1.0
1,225,7,10,31.54,21.67587,25.0,0.81190646,3.5027752,1.0
1,226,7,11,33.45,21.514687,25.0,0.5996107,3.2074761,1.0
1,227,7,12,35.12,22.4683,25.0,0.25651547,1.3633609,1.0
1,228,7,13,36.46,24.501945,25.0,0.015585089,-0.3092873,1.0
1,229,7,14,37.37,27.058308,25.0,0.42065367,9.229633,1.0
1,230,7,15,37.8,25.630924,25.0,0.12070489,0.82904524,1.0
1,231,7,16,37.69,27.923737,25.0,0.18817692,0.22904736,1.0
1,232,7,17,37.08,28.354237,25.0,0.074622884,-0.51821303,1.0
1,233,7,18,35.87,29.664124,25.0,0.090267085,-0.9442463,1.0
1,234,7,19,33.77,29.630424,25.0,0.11128758,-0.06391474,1.0
1,235,7,20,31.27,29.121185,25.0,0.602917,0.6101173,1.0
1,236,7,21,29.4,23.464348,25.0,0.30656502,1.7227676,1.0
1,237,7,22,28.08,24.457733,25.0,0.5221281,0.8867837,1.0
1,238,7,23,27.14,21.908709,24.166666,0.44259614,1.3693634,1.0
1,239,7,24,26.48,21.489483,23.333334,0.14132465,1.2168748,1.0
1,240,1,1,25.94,22.723326,24.166666,0.04155718,2.6522253,1.0
1,241,1,2,25.58,23.836569,25.0,0.33450776,-0.69555986,1.0
1,242,1,3,25.44,21.802511,25.0,0.98697007,3.112316,1.0
1,243,1,4,25.37,18.411404,25.0,0.53723884,2.2486246,1.0
1,244,1,5,25.31,18.403843,25.0,0.94227093,0.8926908,1.0
1,245,1,6,25.22,16.327251,25.0,0.7115411,2.952361,1.0
1,246,1,7,25.67,16.724028,25.0,0.20707148,2.1441832,1.0
1,247,1,8,27.33,19.006763,24.0,0.16382273,0.6893981,1.0
1,248,1,9,29.31,20.223005,23.88889,0.7775304,0.9883108,1.0
1,249,1,10,31.03,19.020926,24.38889,0.82853574,2.5548673,1.0
1,250,1,11,33.03,19.370123,23.88889,0.1730403,1.8684287,0.0
1,251,1,12,35.19,21.951885,24.444445,0.64323425,0.32124776,0.0
1,252,1,13,36.57,21.369694,25.0,0.7132721,0.45343137,0.0
1,253,1,14,37.35,22.216408,25.0,0.9959096,0.47667146,0.0
1,254,1,15,37.42,21.586082,25.0,0.17022236,1.2122762,0.0
1,255,1,16,36.96,24.453941,25.0,0.008390406,2.212562,0.0
1,256,1,17,36.26,27.20834,25.0,0.54325277,-0.8292048,0.0
1,257,1,18,35.18,23.949924,25.0,0.32834285,3.292912,0.0
1,258,1,19,33.42,25.2156,25.0,0.7268713,0.29732674,0.0
1,259,1,20,30.98,21.736609,25.0,0.9319196,-0.457184,0.0
1,260,1,21,29.25,20.434557,25.0,0.9270958,3.7358851,1.0
1,261,1,22,27.99,18.804949,25.0,0.7097704,0.9328958,1.0
1,262,1,23,27.02,18.619036,24.61111,0.28653196,4.6690054,1.0
1,263,1,24,26.24,19.884447,23.88889,0.70940673,-0.69006366,1.0
1,264,2,1,25.69,17.505678,22.777779,0.3400352,2.3604467,1.0
1,265,2,2,25.43,18.753439,23.555555,0.270496,-0.61550736,1.0
1,266,2,3,25.34,19.339964,25.0,0.10657777,0.76554364,1.0
1,267,2,4,25.32,20.423351,25.0,0.57867986,0.44273582,1.0
1,268,2,5,25.22,18.263496,25.0,0.9428862,4.5341735,1.0
1,269,2,6,24.98,16.60613,25.0,0.9398956,1.4069088,1.0
1,270,2,7,25.72,16.106762,25.0,0.5178375,1.5748286,1.0
1,271,2,8,27.5,17.759647,25.0,0.45067775,2.315726,1.0
1,272,2,9,29.39,18.749287,25.0,0.54057664,2.600928,1.0
1,273,2,10,31.12,19.449123,25.0,0.13279562,1.5125082,1.0
1,274,2,11,32.82,21.534431,25.0,0.8680444,0.29363412,0.0
1,275,2,12,34.24,19.439651,25.0,0.08587335,0.984006,0.0
1,276,2,13,35.41,22.410828,25.0,0.19449858,1.0851899,0.0
1,277,2,14,36.25,23.84921,25.0,0.37551966,0.92221254,0.0
1,278,2,15,36.81,24.425785,25.0,0.35601377,-0.18623185,0.0
1,279,2,16,37.02,25.47841,25.0,0.4743838,-1.2690353,0.0
1,280,2,17,36.75,25.51247,25.0,0.2813414,0.8380958,0.0
1,281,2,18,35.87,26.933346,25.0,0.88895875,2.419346,1.0
1,282,2,19,34.09,23.272635,25.0,0.36874163,4.100215,1.0
1,283,2,20,31.03,24.16333,25.0,0.5644892,0.1014969,1.0
1,284,2,21,29.65,22.611666,25.0,0.096611924,-0.24017203,1.0
1,285,2,22,28.44,24.310658,24.833334,0.002429012,0.55709326,1.0
1,286,2,23,27.38,25.499088,23.444445,0.9949291,2.124782,1.0
1,287,2,24,26.29,18.790543,24.0,0.21269856,1.3038359,1.0
1,288,3,1,25.3,20.486097,25.0,0.058503803,0.32981747,1.0
1,289,3,2,24.61,22.14732,25.0,0.6514812,2.783285,1.0
1,290,3,3,24.35,18.694407,25.0,0.4085696,1.8933557,1.0
1,291,3,4,24.15,19.002487,25.0,0.20591633,0.83597314,1.0
1,292,3,5,24.13,19.873997,25.0,0.34657806,0.52999043,1.0
1,293,3,6,24.14,19.368553,25.0,0.6857367,-0.12649226,1.0
1,294,3,7,25.34,18.331131,25.0,0.78951514,2.9499424,1.0
1,295,3,8,27.16,18.0374,25.0,0.8190287,0.3813771,1.0
1,296,3,9,28.8,17.812485,25.0,0.44308525,1.9854801,0.0
1,297,3,10,30.34,19.424606,25.0,0.008486058,4.360635,0.0
1,298,3,11,31.77,21.853745,25.0,0.24662577,-1.3859248,0.0
1,299,3,12,33.12,22.278078,25.0,0.72482723,2.4270916,0.0
1,300,3,13,34.33,21.657509,25.0,0.72155595,1.6473181,0.0
1,301,3,14,35.4,22.10701,25.0,0.9146944,1.3931406,0.0
1,302,3,15,36.32,21.617779,23.333334,0.6761668,1.8273878,0.0
1,303,3,16,36.76,22.629923,23.333334,0.8168881,0.4435321,0.0
1,304,3,17,36.66,22.612535,25.0,0.6298752,2.6843643,0.0
1,305,3,18,35.97,23.407284,25.0,0.48352903,0.36144662,0.0
1,306,3,19,34.17,24.052845,25.0,0.69455427,-0.5750084,1.0
1,307,3,20,31.48,22.3628,25.0,0.6051533,1.8573338,1.0
1,308,3,21,30.9,22.157452,25.0,0.95379573,2.0619147,1.0
1,309,3,22,29.69,20.063248,25.0,0.9870772,4.005292,1.0
1,310,3,23,28.13,18.700731,24.38889,0.968825,2.1991885,1.0
1,311,3,24,26.92,17.57099,24.444445,0.8274145,2.378878,1.0
1,312,4,1,25.95,16.805628,23.666666,0.13180749,2.0588782,1.0
1,313,4,2,24.94,19.13314,23.333334,0.80704147,2.1783352,1.0
1,314,4,3,23.87,15.649395,24.5,0.36812913,2.832023,1.0
1,315,4,4,23.1,17.033451,25.0,0.5701868,1.9439392,1.0
1,316,4,5,22.57,15.89394,25.0,0.025728408,1.5134485,1.0
1,317,4,6,22.43,18.296562,25.0,0.52896076,-0.6272541,1.0
1,318,4,7,24.41,16.953579,25.0,0.34550694,2.5037365,1.0
1,319,4,8,26.77,18.518867,25.0,0.96394974,0.029181778,1.0
1,320,4,9,29.28,16.98875,25.0,0.83452994,3.3704371,1.0
1,321,4,10,31.58,17.687967,25.0,0.15355916,3.0939157,0.0
1,322,4,11,33.3,20.469728,25.0,0.87114114,-0.40913463,0.0
1,323,4,12,34.46,18.806122,25.0,0.66027254,2.8338695,0.0
1,324,4,13,35.19,20.362185,25.0,0.7003281,-0.5369629,0.0
1,325,4,14,35.58,20.886322,25.0,0.661759,0.6138349,0.0
1,326,4,15,35.62,21.72257,25.0,0.5117551,3.4223194,0.0
1,327,4,16,35.42,22.890299,25.0,0.4727962,-1.0924478,0.0
1,328,4,17,35.0,23.704508,25.0,0.36298513,2.190974,0.0
1,329,4,18,34.22,24.67325,25.0,0.08411982,0.43107045,0.0
1,330,4,19,32.92,26.582779,25.0,0.75061977,0.3053469,0.0
1,331,4,20,30.2,21.603813,25.0,0.6792302,2.2335176,1.0
1,332,4,21,28.84,21.32798,25.0,0.10492685,1.9024391,1.0
1,333,4,22,28.12,23.385763,25.0,0.6060402,2.3129618,1.0
1,334,4,23,27.37,20.51847,25.0,0.22858007,3.0836053,1.0
1,335,4,24,26.56,21.699055,24.777779,0.5473084,0.99165577,1.0
1,336,5,1,25.71,19.442919,23.333334,0.12860651,0.4510672,1.0
1,337,5,2,24.9,20.972214,23.555555,0.30506402,0.45963612,1.0
1,338,5,3,24.22,20.370937,25.0,0.10617436,-1.1329036,1.0
1,339,5,4,23.75,21.401333,25.0,0.5334314,0.35951436,1.0
1,340,5,5,23.56,18.829407,25.0,0.78221303,1.4420925,1.0
1,341,5,6,23.61,17.01144,25.0,0.9524928,2.0006032,1.0
1,342,5,7,24.86,16.059353,25.0,0.5479738,5.2476916,1.0
1,343,5,8,27.08,17.744204,25.0,0.5014211,2.0517263,1.0
1,344,5,9,29.37,18.840004,25.0,0.9468215,6.647448,1.0
1,345,5,10,31.63,17.86393,23.61111,0.8886128,3.3024054,1.0
1,346,5,11,33.52,18.627747,23.333334,0.5831657,2.907327,1.0
1,347,5,12,35.0,20.28176,24.722221,0.43993768,2.9822733,0.0
1,348,5,13,36.03,21.961185,25.0,0.9554109,-0.08458328,0.0
1,349,5,14,36.63,20.927053,25.0,0.6298382,2.983873,0.0
1,350,5,15,36.8,22.324001,25.0,0.91700447,1.4153193,0.0
1,351,5,16,36.63,21.797585,25.0,0.12549631,1.5124098,0.0
1,352,5,17,36.16,24.83641,25.0,0.7101396,0.59416676,0.0
1,353,5,18,35.3,22.540646,25.0,0.0058632824,1.6282208,0.0
1,354,5,19,33.84,25.616209,25.0,0.9663144,0.16343622,0.0
1,355,5,20,31.8,19.086939,25.0,0.9436079,1.4754952,0.0
1,356,5,21,29.9,19.08465,24.722221,0.14505333,1.2817348,1.0
1,357,5,22,28.54,21.352667,23.88889,0.58837277,2.9917436,1.0
1,358,5,23,27.54,19.09999,24.166666,0.4657008,1.5997425,1.0
1,359,5,24,26.72,19.337305,24.333334,0.7830702,1.242988,1.0
1,360,6,1,26.01,17.209047,23.88889,0.15718637,1.054256,1.0
1,361,6,2,25.48,19.241283,24.166666,0.73350906,1.6641176,1.0
1,362,6,3,25.24,16.245596,25.0,0.97205234,1.869037,1.0
1,363,6,4,24.91,14.860858,25.0,0.5180045,1.4360807,1.0
1,364,6,5,24.54,15.948667,25.0,0.52989537,1.6673629,1.0
1,365,6,6,24.19,15.567484,25.0,0.8165147,2.143858,1.0
1,366,6,7,24.91,14.762988,25.0,0.832341,2.2311673,1.0
1,367,6,8,26.81,15.1425705,25.0,0.9687096,1.6445674,1.0
1,368,6,9,29.01,14.923324,25.0,0.6595079,0.07299936,1.0
1,369,6,10,31.02,16.623158,25.0,0.90948516,1.8565587,1.0
1,370,6,11,32.8,16.43004,25.0,0.835939,4.2254624,1.0
1,371,6,12,34.34,17.477201,25.0,0.41460472,0.095633805,1.0
1,372,6,13,35.59,19.568514,25.0,0.7330314,0.8908154,1.0
1,373,6,14,36.37,19.630842,25.0,0.91108304,2.2142582,1.0
1,374,6,15,36.75,20.064623,23.666666,0.9849114,1.6983726,1.0
1,375,6,16,36.66,20.250156,23.333334,0.2562691,2.099287,1.0
1,376,6,17,36.01,23.027817,24.666666,0.1557168,0.7291734,1.0
1,377,6,18,34.91,24.88935,25.0,0.5487329,3.1943083,1.0
1,378,6,19,33.29,22.859232,25.0,0.38908377,-0.65411705,1.0
1,379,6,20,31.34,23.280905,25.0,0.99063444,3.7615368,1.0
1,380,6,21,29.7,19.546402,25.0,0.41127023,2.7531345,1.0
1,381,6,22,28.56,20.777605,25.0,0.8913359,1.2882113,1.0
1,382,6,23,27.66,17.926191,25.0,0.25398383,1.2645476,1.0
1,383,6,24,26.83,19.838818,25.0,0.10829306,-0.9255079,1.0
1,384,7,1,26.06,20.889942,23.88889,0.7298791,0.9031577,1.0
1,385,7,2,25.44,17.162539,23.333334,0.58934075,3.0719018,1.0
1,386,7,3,25.12,17.354994,24.444445,0.70545036,-0.06485784,1.0
1,387,7,4,24.73,16.17355,25.0,0.82441604,1.7467259,1.0
1,388,7,5,24.27,15.176274,25.0,0.6181847,2.5122285,1.0
1,389,7,6,23.93,15.487406,25.0,0.33605027,2.045788,1.0
1,390,7,7,24.72,16.722828,25.0,0.0013447521,2.37128,0.0
1,391,7,8,26.84,19.128496,25.0,0.6320187,1.5143737,1.0
1,392,7,9,29.33,17.186953,25.0,0.6950915,2.0587597,1.0
1,393,7,10,31.54,18.018372,25.0,0.084875785,2.142634,1.0
1,394,7,11,33.41,20.531975,25.0,0.027723562,-0.4042083,1.0
1,395,7,12,35.01,22.30825,25.0,0.63379216,1.2305307,1.0
1,396,7,13,36.2,21.478453,25.0,0.40179357,1.6417755,1.0
1,397,7,14,36.78,23.102354,25.0,0.22857222,0.42635423,1.0
1,398,7,15,36.77,24.897274,25.0,0.80843556,1.1859641,1.0
1,399,7,16,36.18,22.257011,25.0,0.631048,2.1148367,1.0
1,400,7,17,34.82,22.889883,25.0,0.906416,1.5625849,1.0
1,401,7,18,33.39,21.203705,25.0,0.5822075,1.620447,1.0
1,402,7,19,31.99,21.780113,25.0,0.48034385,2.7444623,1.0
1,403,7,20,30.58,21.826195,25.0,0.28394273,1.6195564,1.0
1,404,7,21,29.37,22.562054,25.0,0.19740647,0.8451034,1.0
1,405,7,22,28.29,23.058836,25.0,0.27077398,1.2449203,1.0
1,406,7,23,27.28,22.587503,25.0,0.06570161,0.811396,1.0
1,407,7,24,26.4,23.621803,25.0,0.14877312,0.33743364,1.0
1,408,1,1,25.72,22.810402,23.5,0.21971628,-0.15962738,1.0
1,409,1,2,25.2,22.28748,23.333334,0.4700875,1.4086785,1.0
1,410,1,3,24.8,20.722063,24.833334,0.48026723,0.29553854,1.0
1,411,1,4,24.48,20.016298,25.0,0.7150971,0.8489391,1.0
1,412,1,5,24.22,18.206553,25.0,0.8126692,0.27003157,1.0
1,413,1,6,24.04,17.001818,25.0,0.71260566,2.0089483,1.0
1,414,1,7,24.71,17.06255,25.0,0.7134555,3.0615819,1.0
1,415,1,8,26.18,17.114265,24.166666,0.95425177,1.9401139,1.0
1,416,1,9,28.7,16.634127,23.88889,0.17623998,2.668849,1.0
1,417,1,10,30.99,19.381187,24.722221,0.6682468,1.8015738,1.0
1,418,1,11,32.88,18.684689,25.0,0.21476981,4.3620415,1.0
1,419,1,12,34.3,21.128601,25.0,0.6657651,1.5183225,1.0
1,420,1,13,35.26,20.57975,25.0,0.49148327,1.8994061,1.0
1,421,1,14,35.43,22.057583,24.722221,0.73699087,1.5522103,1.0
1,422,1,15,35.19,21.723854,23.88889,0.32137507,1.7122796,1.0
1,423,1,16,34.9,23.545341,24.166666,0.03791501,0.4696085,1.0
1,424,1,17,33.27,25.94342,25.0,0.25922522,0.6682892,1.0
1,425,1,18,30.88,24.607224,25.0,0.6999573,0.044573084,0.0
1,426,1,19,28.49,21.60428,25.0,0.20599349,2.545094,0.0
1,427,1,20,26.84,22.931927,25.0,0.047314715,-0.20277087,1.0
1,428,1,21,26.09,24.163504,25.0,0.6708752,1.5360745,1.0
1,429,1,22,25.72,20.055874,25.0,0.6428498,0.16583538,1.0
1,430,1,23,25.39,19.429214,25.0,0.7558015,0.5620717,1.0
1,431,1,24,24.99,17.791275,24.333334,0.73533833,1.8846732,1.0
1,432,2,1,24.58,16.972923,22.777779,0.62696296,1.8437,1.0
1,433,2,2,24.34,16.859253,23.444445,0.03500944,3.1522284,1.0
1,434,2,3,24.16,19.320356,25.0,0.9589655,-1.1187665,1.0
1,435,2,4,24.0,14.858339,25.0,0.7059886,2.3160295,1.0
1,436,2,5,23.83,15.513115,25.0,0.21842106,1.8080093,1.0
1,437,2,6,23.69,17.372536,25.0,0.045869663,0.72287405,1.0
1,438,2,7,24.04,18.829805,25.0,0.86540544,2.5639718,1.0
1,439,2,8,24.71,15.605001,25.0,0.42448416,6.39988,1.0
1,440,2,9,25.66,17.196615,25.0,0.33858636,3.1353197,1.0
1,441,2,10,26.7,18.096186,25.0,0.6033883,3.6033401,1.0
1,442,2,11,27.33,17.40365,25.0,0.7583297,0.9792133,0.0
1,443,2,12,27.74,17.068466,25.0,0.82554173,1.5462201,0.0
1,444,2,13,28.16,17.145283,25.0,0.3523188,4.9695196,1.0
1,445,2,14,28.56,18.845829,25.0,0.5577523,2.9056563,1.0
1,446,2,15,28.66,18.683737,25.0,0.55058885,6.908007,1.0
1,447,2,16,28.34,19.167131,25.0,0.57418126,1.5968807,1.0
1,448,2,17,27.67,19.209694,25.0,0.19372459,1.5782219,1.0
1,449,2,18,26.82,20.75062,25.0,0.6349743,-0.28997093,0.0
1,450,2,19,25.7,18.478115,25.0,0.84793943,-0.42062163,0.0
1,451,2,20,24.49,17.07941,25.0,0.19650203,3.6613858,0.0
1,452,2,21,23.8,19.184471,25.0,0.70974046,0.7860906,1.0
1,453,2,22,23.66,16.63943,25.0,0.73966795,0.5893698,1.0
1,454,2,23,23.76,16.394106,25.0,0.7870448,3.4742785,1.0
1,455,2,24,24.05,15.682629,24.444445,0.07772643,3.5768514,1.0
1,456,3,1,24.25,18.249155,23.333334,0.9783127,0.55936617,1.0
1,457,3,2,24.26,14.186584,23.88889,0.033848315,1.4480791,1.0
1,458,3,3,24.14,17.412634,25.0,0.6904748,1.2777269,1.0
1,459,3,4,23.94,14.672779,25.0,0.66850245,1.7827363,1.0
1,460,3,5,23.76,14.868673,25.0,0.26721963,1.7108594,1.0
1,461,3,6,23.66,16.495045,25.0,0.9425342,-0.072567046,1.0
1,462,3,7,23.94,13.7993,25.0,0.2938478,3.3791163,1.0
1,463,3,8,24.53,16.05369,25.0,0.3295366,-0.080287874,1.0
1,464,3,9,25.4,16.738289,25.0,0.5051382,-0.822017,1.0
1,465,3,10,26.27,16.54431,23.555555,0.90222126,2.0972157,1.0
1,466,3,11,27.29,15.6579895,23.333334,0.7928005,1.8448668,1.0
1,467,3,12,27.98,16.136719,24.777779,0.7906353,2.63325,1.0
1,468,3,13,28.37,16.046417,25.0,0.35671446,6.4376206,0.0
1,469,3,14,28.41,18.01095,25.0,0.91718894,2.2141457,0.0
1,470,3,15,28.04,16.141346,25.0,0.49015424,2.4528563,0.0
1,471,3,16,27.72,17.80822,25.0,0.8567279,1.2065122,0.0
1,472,3,17,27.38,16.668633,25.0,0.42028478,1.2051007,1.0
1,473,3,18,26.83,18.149748,25.0,0.939392,-0.6055168,0.0
1,474,3,19,26.0,16.16245,25.0,0.5925063,5.0418086,1.0
1,475,3,20,25.03,17.007484,25.0,0.52604884,2.4419813,1.0
1,476,3,21,24.55,17.15711,25.0,0.5858837,1.7082653,1.0
1,477,3,22,24.35,16.910065,25.0,0.4850262,0.7753033,1.0
1,478,3,23,24.2,17.221745,24.444445,0.32968414,-0.62883556,1.0
1,479,3,24,24.07,17.8531,23.166666,0.5766257,1.0948094,1.0
1,480,4,1,23.94,16.355516,22.222221,0.67408204,3.8917406,1.0
1,481,4,2,23.8,15.66461,23.11111,0.49746263,-0.06171024,1.0
1,482,4,3,23.64,16.186666,25.0,0.7035651,0.6564558,1.0
1,483,4,4,23.54,15.00472,25.0,0.01675628,1.8037882,1.0
1,484,4,5,23.37,17.813108,25.0,0.51622635,0.6283474,1.0
1,485,4,6,23.33,15.624299,25.0,0.6800338,1.0484042,1.0
1,486,4,7,24.49,15.682816,25.0,0.014588988,2.7228134,1.0
1,487,4,8,25.88,18.68806,25.0,0.39820027,1.8518473,1.0
1,488,4,9,28.13,18.147648,25.0,0.09837481,1.8798544,0.0
1,489,4,10,30.69,20.360064,25.0,0.054540135,-0.64701074,0.0
1,490,4,11,32.51,22.01725,25.0,0.79799587,1.3488607,0.0
1,491,4,12,33.93,19.86901,25.0,0.94773257,0.80486405,0.0
1,492,4,13,34.97,19.830929,25.0,0.84465486,0.25051725,0.0
1,493,4,14,35.66,20.243595,25.0,0.60587436,3.126852,0.0
1,494,4,15,35.9,21.483498,25.0,0.31739885,3.0931716,0.0
1,495,4,16,35.8,23.435743,23.777779,0.29189795,0.70462215,0.0
1,496,4,17,35.16,24.347195,24.166666,0.77276325,0.58691615,0.0
1,497,4,18,34.2,22.204008,25.0,0.3375334,0.8435875,0.0
1,498,4,19,32.49,23.632023,25.0,0.62853944,-0.21825466,1.0
1,499,4,20,29.4,21.517704,25.0,0.2799869,2.5802405,1.0
1,500,4,21,28.18,22.510878,25.0,0.6554537,1.3387063,1.0
1,501,4,22,27.31,20.345718,25.0,0.87681365,1.4371426,1.0
1,502,4,23,26.38,18.622383,25.0,0.6495412,3.1300504,1.0
1,503,4,24,25.65,18.314419,25.0,0.45601863,1.6493286,1.0
1,504,5,1,25.05,18.45826,23.38889,0.41485998,0.7799952,1.0
1,505,5,2,24.58,18.368813,23.333334,0.52628225,3.2171192,1.0
1,506,5,3,24.16,17.745605,24.944445,0.9240613,1.672712,1.0
1,507,5,4,23.78,15.349441,25.0,0.19810133,1.2997048,1.0
1,508,5,5,23.29,17.587257,25.0,0.163767,-1.372433,1.0
1,509,5,6,22.93,18.306639,25.0,0.95386785,0.5336553,1.0
1,510,5,7,24.74,15.170148,25.0,0.698567,2.4360228,1.0
1,511,5,8,27.04,16.406923,25.0,0.25729057,2.8496628,1.0
1,512,5,9,29.64,18.4799,23.833334,0.7756828,3.0758808,0.0
1,513,5,10,32.08,17.350195,23.333334,0.94967234,2.0860746,0.0
1,514,5,11,34.32,17.77337,24.5,0.24043292,0.14191967,0.0
1,515,5,12,36.16,20.647928,24.277779,0.40432838,2.8348637,0.0
1,516,5,13,37.53,21.88152,23.333334,0.060797703,0.522948,0.0
1,517,5,14,38.42,25.052612,24.055555,0.97523665,-1.124614,0.0
1,518,5,15,38.73,20.782137,22.944445,0.04169104,4.2400494,0.0
1,519,5,16,38.57,24.904194,22.777779,0.63924825,-1.2333455,0.0
1,520,5,17,37.74,23.269693,24.777779,0.049230564,1.3978527,0.0
1,521,5,18,36.26,26.31982,25.0,0.70139694,1.1917568,0.0
1,522,5,19,34.1,22.341373,25.0,0.4909689,1.7733191,0.0
1,523,5,20,31.75,22.931528,25.0,0.36273938,0.38042003,0.0
1,524,5,21,30.12,22.907032,25.0,0.9189743,0.5087253,0.0
1,525,5,22,28.95,19.758675,25.0,0.76586556,3.4298074,1.0
1,526,5,23,27.87,18.944931,23.833334,0.8825202,-0.0046761036,1.0
1,527,5,24,26.89,17.28761,22.777779,0.085814,1.8488321,1.0
1,528,6,1,26.04,19.92606,23.944445,0.863986,0.4001431,1.0
1,529,6,2,25.34,15.731883,25.0,0.07397037,4.4891634,1.0
1,530,6,3,24.74,18.555077,25.0,0.5326232,-0.9734146,1.0
1,531,6,4,24.21,16.325062,25.0,0.23829763,3.4045806,1.0
1,532,6,5,23.89,17.782896,25.0,0.70347977,-1.1244081,1.0
1,533,6,6,23.81,15.214712,25.0,0.36423144,4.34248,1.0
1,534,6,7,25.1,17.011045,25.0,0.93480796,1.1542925,1.0
1,535,6,8,27.21,15.267039,25.0,0.3542811,2.656157,1.0
1,536,6,9,29.58,17.874336,25.0,0.47283375,3.1094666,1.0
1,537,6,10,32.01,18.639225,25.0,0.46333358,10.031197,1.0
1,538,6,11,34.16,19.875626,24.5,0.0878559,1.6598094,1.0
1,539,6,12,35.86,22.863813,23.333334,0.11289017,-0.7571062,1.0
1,540,6,13,37.12,25.008215,23.833334,0.32547536,-0.9118813,1.0
1,541,6,14,37.83,25.240364,25.0,0.884917,-0.16325068,1.0
1,542,6,15,37.89,23.432568,25.0,0.153401,1.5130782,1.0
1,543,6,16,37.31,26.31572,25.0,0.8815254,0.21609265,1.0
1,544,6,17,36.21,22.982174,25.0,0.7126675,2.955713,1.0
1,545,6,18,34.55,23.67352,25.0,0.084131725,0.74612164,1.0
1,546,6,19,32.67,26.38907,25.0,0.29509607,1.6851459,1.0
1,547,6,20,30.59,24.40598,25.0,0.8491617,3.0542164,1.0
1,548,6,21,29.04,21.354607,25.0,0.74837047,2.3718407,1.0
1,549,6,22,27.86,20.41225,25.0,0.85569394,2.0776358,1.0
1,550,6,23,26.82,18.780985,25.0,0.25426695,1.1827977,1.0
1,551,6,24,26.04,20.3589,23.38889,0.55890715,1.1048787,1.0
1,552,7,1,25.54,18.383884,22.777779,0.4633931,1.309614,1.0
1,553,7,2,25.23,18.696857,24.38889,0.9044961,-0.1823839,1.0
1,554,7,3,25.04,15.978113,25.0,0.48565987,2.197401,1.0
1,555,7,4,24.9,17.154558,25.0,0.043222453,1.5385499,1.0
1,556,7,5,24.73,19.215113,25.0,0.8924263,0.29959628,1.0
1,557,7,6,24.6,14.727637,25.0,0.58222115,2.241087,1.0
1,558,7,7,25.51,16.298292,24.88889,0.48590052,2.7915866,1.0
1,559,7,8,27.4,17.134024,23.88889,0.17162411,0.8285302,1.0
1,560,7,9,29.29,19.233232,24.0,0.39684162,0.8859381,1.0
1,561,7,10,31.17,19.561666,25.0,0.75067246,0.89109594,1.0
1,562,7,11,32.75,19.448238,25.0,0.14226992,4.824868,1.0
1,563,7,12,34.07,21.972515,25.0,0.16489309,-0.24381423,0.0
1,564,7,13,35.8,23.695185,25.0,0.8308426,0.1336044,1.0
1,565,7,14,36.82,21.778381,23.38889,0.40661234,1.7142498,1.0
1,566,7,15,37.01,23.61586,23.333334,0.5166582,-0.5372683,1.0
1,567,7,16,36.56,24.120537,24.944445,0.8346885,1.4656303,1.0
1,568,7,17,35.34,22.968962,25.0,0.612483,1.7450178,1.0
1,569,7,18,33.85,23.516068,25.0,0.19909878,5.1225324,1.0
1,570,7,19,31.98,25.20301,25.0,0.56950814,1.8044286,1.0
1,571,7,20,30.03,22.41579,25.0,0.69574624,0.6656412,1.0
1,572,7,21,28.71,21.302917,24.055555,0.065688014,-0.06748867,1.0
1,573,7,22,27.68,23.50494,24.166666,0.491601,2.7087271,1.0
1,574,7,23,26.75,20.785686,24.777779,0.2047321,0.28936076,1.0
1,575,7,24,26.01,21.817965,22.777779,0.671658,2.1246138,1.0
1,576,1,1,25.61,18.668194,22.777779,0.29957923,1.2163956,1.0
1,577,1,2,25.46,19.958548,24.944445,0.22468865,1.9319186,1.0
1,578,1,3,25.35,20.493685,25.0,0.22264746,0.74224955,1.0
1,579,1,4,25.3,20.737999,25.0,0.5069315,-0.25557208,1.0
1,580,1,5,25.21,19.252022,25.0,0.44349733,-0.70865583,1.0
1,581,1,6,25.11,19.237507,25.0,0.7757472,3.4428482,1.0
1,582,1,7,25.61,17.547821,24.166666,0.8680181,1.8037593,1.0
1,583,1,8,26.56,17.152798,24.11111,0.55727345,3.0431337,1.0
1,584,1,9,27.84,18.235199,24.444445,0.04406698,-0.4766457,1.0
1,585,1,10,29.19,20.665293,24.833334,0.37179473,3.1103704,1.0
1,586,1,11,30.76,20.547482,25.0,0.90223014,0.32566047,1.0
1,587,1,12,32.12,19.347244,24.222221,0.507372,3.3002472,0.0
1,588,1,13,33.37,20.828667,23.88889,0.3880169,1.4666593,0.0
1,589,1,14,33.96,22.038994,24.666666,0.5629598,1.1825106,0.0
1,590,1,15,34.01,21.989746,23.444445,0.5984547,1.283997,0.0
1,591,1,16,33.62,22.2833,23.222221,0.95378166,1.3967237,1.0
1,592,1,17,32.92,20.344992,22.777779,0.96529704,2.0818663,0.0
1,593,1,18,32.09,19.928175,24.444445,0.2004198,2.2163975,0.0
1,594,1,19,30.95,22.21317,25.0,0.6583254,0.6183029,0.0
1,595,1,20,29.22,19.9752,25.0,0.5971094,1.8473462,1.0
1,596,1,21,27.99,20.04921,25.0,0.24844405,1.7582407,1.0
1,597,1,22,27.18,21.16007,25.0,0.115869425,0.9631871,1.0
1,598,1,23,26.48,21.996986,24.555555,0.464112,-0.4757256,1.0
1,599,1,24,25.9,20.16748,24.444445,0.6692667,0.9963119,1.0
1,600,2,1,25.51,18.942995,24.666666,0.37714198,2.7112982,1.0
1,601,2,2,25.2,19.555729,25.0,0.7789295,0.70372397,1.0
1,602,2,3,24.95,17.358324,25.0,0.24412349,2.6254025,1.0
1,603,2,4,24.75,19.013508,25.0,0.5066012,-0.32473093,1.0
1,604,2,5,24.54,17.726957,25.0,0.7470142,1.1288588,1.0
1,605,2,6,24.42,16.777735,25.0,0.18925615,3.3380966,1.0
1,606,2,7,25.18,18.821102,25.0,0.26038092,-0.4563747,1.0
1,607,2,8,26.26,19.45454,25.0,0.98633575,2.074229,1.0
1,608,2,9,28.01,17.556328,25.0,0.9164997,2.4559066,1.0
1,609,2,10,29.9,18.121029,25.0,0.67270637,2.2427323,1.0
1,610,2,11,31.94,18.906553,25.0,0.7433228,0.5974416,0.0
1,611,2,12,33.56,19.389341,25.0,0.011093467,0.9143869,0.0
1,612,2,13,34.74,22.291325,25.0,0.5494052,-0.66195226,0.0
1,613,2,14,35.33,21.504292,25.0,0.012889246,2.9853063,0.0
1,614,2,15,35.53,24.423168,25.0,0.022828737,0.38772434,0.0
1,615,2,16,35.37,26.618198,25.0,0.46622074,-0.08658421,0.0
1,616,2,17,34.88,24.615799,25.0,0.1663571,0.9101647,0.0
1,617,2,18,34.12,26.6256,25.0,0.15910473,0.3471715,0.0
1,618,2,19,32.56,26.822498,25.0,0.67640084,0.52579445,0.0
1,619,2,20,30.49,23.049961,25.0,0.75636196,1.8552629,1.0
1,620,2,21,29.46,21.918198,25.0,0.05556656,2.1123352,1.0
1,621,2,22,28.37,24.104382,24.833334,0.51393455,0.522691,1.0
1,622,2,23,27.42,21.304577,24.444445,0.31207797,4.0767136,1.0
1,623,2,24,26.54,21.854198,24.222221,0.034081742,-0.8811947,1.0
1,624,3,1,25.76,23.426476,24.444445,0.34011176,3.2058325,1.0
1,625,3,2,25.09,21.324072,24.5,0.20319161,-1.0039922,1.0
1,626,3,3,24.46,21.82785,25.0,0.7115047,1.0654174,1.0
1,627,3,4,23.94,18.73402,25.0,0.31580418,0.7286749,1.0
1,628,3,5,23.77,19.40228,25.0,0.731314,0.9769301,1.0
1,629,3,6,23.76,17.306498,25.0,0.11444578,4.006584,1.0
1,630,3,7,25.0,19.60655,25.0,0.7661037,1.5684367,1.0
1,631,3,8,27.06,17.784458,24.722221,0.9771189,2.0894544,1.0
1,632,3,9,29.44,17.91202,25.0,0.8547995,1.510349,1.0
1,633,3,10,31.88,18.669365,25.0,0.32025602,3.3663447,1.0
1,634,3,11,34.1,20.88284,25.0,0.43727243,1.2933172,1.0
1,635,3,12,35.81,21.884056,25.0,0.4381266,1.1077795,1.0
1,636,3,13,37.03,23.14663,25.0,0.9709559,1.0221415,0.0
1,637,3,14,37.82,22.049952,24.722221,0.735531,1.9329896,0.0
1,638,3,15,38.27,23.199791,25.0,0.31906804,0.91747445,0.0
1,639,3,16,38.35,25.579712,25.0,0.8779277,0.9667288,0.0
1,640,3,17,37.98,23.515114,25.0,0.95564026,0.7519428,0.0
1,641,3,18,37.01,23.511154,25.0,0.4281776,3.2230108,0.0
1,642,3,19,35.2,25.11866,25.0,0.17720945,0.13422509,1.0
1,643,3,20,32.1,25.900206,25.0,0.14676835,-0.5262275,1.0
1,644,3,21,30.35,25.922176,25.0,0.8091773,3.4341397,1.0
1,645,3,22,29.03,21.672104,24.833334,0.896488,2.4687886,1.0
1,646,3,23,28.01,20.188118,24.61111,0.15446618,2.053741,1.0
1,647,3,24,27.13,22.093075,24.444445,0.6350718,-1.4336891,1.0
1,648,4,1,26.35,19.414892,24.222221,0.0024353585,1.7079755,1.0
1,649,4,2,25.63,21.817474,24.444445,0.4420033,1.8753247,1.0
1,650,4,3,24.95,19.579264,24.777779,0.65937775,-0.3631369,1.0
1,651,4,4,24.36,18.320814,25.0,0.5873287,4.135944,1.0
1,652,4,5,23.88,17.632608,25.0,0.20840268,0.059177637,1.0
1,653,4,6,23.9,19.031952,25.0,0.25307792,3.064878,1.0
1,654,4,7,25.5,19.904408,25.0,0.23581126,0.8969348,1.0
1,655,4,8,27.56,20.967966,25.0,0.96062094,-0.19450045,1.0
1,656,4,9,30.04,18.917313,25.0,0.81299305,0.628845,1.0
1,657,4,10,32.5,19.788897,25.0,0.84630835,4.777181,1.0
1,658,4,11,34.66,20.370163,25.0,0.5336253,2.0620434,1.0
1,659,4,12,36.4,22.19182,25.0,0.3760663,-0.68387824,1.0
1,660,4,13,37.71,23.991499,25.0,0.74911696,0.2848546,0.0
1,661,4,14,38.59,23.420792,25.0,0.05732429,1.4772012,0.0
1,662,4,15,38.98,26.850668,25.0,0.3338301,1.5772959,0.0
1,663,4,16,38.86,26.779871,25.0,0.3194579,1.5444987,0.0
1,664,4,17,38.14,27.608923,24.777779,0.24450192,0.16138935,0.0
1,665,4,18,36.8,28.812395,24.444445,0.24948838,-1.4849248,1.0
1,666,4,19,34.76,28.63834,24.666666,0.4985568,0.80376625,1.0
1,667,4,20,32.25,25.55729,25.0,0.056917652,2.6218843,1.0
1,668,4,21,30.37,27.685722,25.0,0.72403234,-0.5113954,1.0
1,669,4,22,29.07,21.580307,24.0,0.122635506,3.2884576,1.0
1,670,4,23,27.98,23.959684,23.88889,0.07089098,-0.3728959,1.0
1,671,4,24,27.03,24.978867,24.277779,0.58221126,0.88100237,1.0
1,672,5,1,26.23,20.595901,23.88889,0.44334686,1.5458299,1.0
1,673,5,2,25.7,20.7747,24.555555,0.085957974,1.8216105,1.0
1,674,5,3,25.4,22.501959,25.0,0.7317585,3.682666,1.0
1,675,5,4,25.18,18.496078,25.0,0.56589246,1.9016004,1.0
1,676,5,5,24.9,18.411564,25.0,0.25777552,1.4814051,1.0
1,677,5,6,24.73,19.458624,25.0,0.0877728,-0.12819529,1.0
1,678,5,7,25.94,21.456915,25.0,0.515261,2.2939112,1.0
1,679,5,8,28.09,20.17397,25.0,0.48768625,0.3175699,0.0
1,680,5,9,30.4,20.48346,24.055555,0.20088057,1.2134843,0.0
1,681,5,10,32.62,22.573586,24.61111,0.7907462,0.063650966,0.0
1,682,5,11,34.62,20.946854,25.0,0.8993496,1.9409118,0.0
1,683,5,12,36.34,20.957016,25.0,0.9094525,3.8805408,0.0
1,684,5,13,37.59,21.23304,25.0,0.37381437,2.3759243,0.0
1,685,5,14,38.44,23.535666,24.555555,0.5824091,-0.3481481,0.0
1,686,5,15,38.69,23.71188,23.88889,0.6122292,-0.958974,0.0
1,687,5,16,38.5,24.182314,24.333334,0.22291283,3.9922044,0.0
1,688,5,17,37.64,26.421885,25.0,0.9226571,0.7125585,0.0
1,689,5,18,36.0,22.619785,25.0,0.74965173,2.094684,0.0
1,690,5,19,33.82,22.919624,25.0,0.5413416,1.327588,0.0
1,691,5,20,31.5,22.86525,25.0,0.22287059,2.3551333,1.0
1,692,5,21,29.83,23.89965,25.0,0.5358673,0.8810158,1.0
1,693,5,22,28.58,21.89241,25.0,0.27396998,1.6268623,1.0
1,694,5,23,27.54,22.643467,25.0,0.26188004,-0.12113476,1.0
1,695,5,24,26.71,22.583092,25.0,0.68265176,1.2062097,1.0
1,696,6,1,26.08,19.722677,24.166666,0.36603537,0.64344823,1.0
1,697,6,2,25.72,20.179585,23.88889,0.50274736,1.9103692,1.0
1,698,6,3,25.58,19.327803,24.722221,0.017157221,2.255286,1.0
1,699,6,4,25.43,21.43148,25.0,0.998019,-0.78109354,1.0
1,700,6,5,25.25,15.899549,25.0,0.03334142,3.5557752,1.0
1,701,6,6,25.09,18.729698,25.0,0.07364112,0.115314126,1.0
1,702,6,7,26.12,20.351994,25.0,0.3648017,-1.0387478,1.0
1,703,6,8,28.0,19.923567,25.0,0.27583033,0.4356084,1.0
1,704,6,9,30.24,21.348083,25.0,0.81442326,0.6041454,1.0
1,705,6,10,32.59,20.074316,25.0,0.061869264,2.935216,1.0
1,706,6,11,34.78,23.143135,25.0,0.8400792,2.1809435,1.0
1,707,6,12,36.65,21.306942,25.0,0.5386051,1.9437704,1.0
1,708,6,13,38.1,22.865475,25.0,0.7698173,0.34348816,1.0
1,709,6,14,39.04,22.814413,25.0,0.59828335,-0.6025464,1.0
1,710,6,15,39.38,23.962793,25.0,0.2836533,1.513336,1.0
1,711,6,16,39.06,25.975159,25.0,0.989031,0.2706961,1.0
1,712,6,17,38.12,22.68615,25.0,0.035532832,2.1165771,0.0
1,713,6,18,36.6,26.010191,25.0,0.20482023,0.10595924,0.0
1,714,6,19,34.52,26.151012,24.666666,0.030905198,0.7382245,1.0
1,715,6,20,31.98,27.234158,25.0,0.5008444,3.8094609,1.0
1,716,6,21,29.92,23.156075,25.0,0.6358491,-0.4310236,1.0
1,717,6,22,28.48,22.199642,25.0,0.31660876,1.0926764,1.0
1,718,6,23,27.27,22.608816,25.11111,0.047373064,3.072868,1.0
1,719,6,24,26.26,24.088943,25.555555,0.119994454,-0.40923762,1.0
