#{"t_start": 1742983215.0693026, "env_id": "LunarLander-v3-341.68292-133.604061,77,45.685062
-337.491755,106,45.765352
-146.156762,82,45.805074
-102.128465,83,45.836861
-98.289743,58,45.857006
-298.611542,71,45.880119
-97.461613,71,45.903012
-116.411611,118,45.940602
-132.107847,109,45.975467
-107.214645,78,46.000751
-106.130442,67,46.02252
-49.276122,81,46.048847
-72.567611,68,46.070933
-457.209949,107,46.105223
-435.275608,95,46.135882
-63.820384,60,46.15538
-296.468483,110,46.190869
-529.345141,102,46.22357
-127.093985,87,46.251607
-143.482379,77,46.276466
-163.570208,64,46.297369
-297.287951,83,46.324183
-118.35117,102,46.357125
42.85044,75,46.381715
-271.195881,111,46.41734
-104.837809,79,46.443149
-56.463095,56,46.461283
-98.602216,60,46.480718
-153.670993,80,46.506349
-136.937195,101,46.538849
-158.808271,79,46.564216
-375.882884,95,46.59459
-121.488115,109,46.629627
-105.140911,86,46.657357
-123.719221,103,46.690482
-135.66705,85,46.717698
-219.966529,87,46.745713
-125.326689,88,46.774258
-126.770546,61,46.793905
-437.222039,101,46.825993
-165.857227,101,46.858625
-187.633045,58,46.87746
-365.300791,94,46.907715
-326.258948,105,46.94101
-120.817456,101,46.973093
-135.018176,117,47.010174
-213.192553,79,47.03537
-282.064938,111,47.070708
-250.332046,80,47.096475
-329.083596,88,47.12489
-33.432054,85,91.943825
-59.616725,103,92.020713
-113.656654,90,92.062363
-124.198847,60,92.08559
-226.283507,101,92.120615
-160.663826,64,92.14195
-304.245909,117,92.179818
-61.323162,116,92.217067
-124.979334,120,92.255912
-116.313444,88,92.284467
-218.282172,133,92.327618
-133.512285,92,92.357533
-169.984866,80,92.383558
-113.776865,73,92.407457
-322.451004,73,92.431233
-150.13227,107,92.465736
-78.31981,81,92.491929
-310.544954,99,92.524006
-117.606867,122,92.563402
-95.40428,73,92.587163
-61.205032,72,92.610782
-156.123077,76,92.635551
-223.253603,84,92.662842
-107.171149,66,92.684522
-377.110269,129,92.726409
-206.130445,78,92.751634
-85.852507,71,92.774813
-279.343644,94,92.805267
-188.368164,80,92.831418
-352.985771,103,92.864908
-130.784835,65,92.886048
-100.488766,71,92.90913
-322.931525,126,92.95001
-92.831341,94,92.980493
-170.634866,108,93.015325
-342.46788,108,93.050261
77.921488,1000,93.382826
-191.380194,89,93.411549
-68.204103,82,93.438222
-114.577361,69,93.460633
-147.187495,100,93.493089
-196.251831,114,93.529944
-225.609085,115,93.567261
-120.452079,83,93.5941
-43.263105,62,93.614389
-69.866302,92,93.64396
-168.665694,100,93.676245
-164.85236,127,93.717154
-200.430524,125,93.757664
-3.914664,115,93.795078
-124.24464,162,139.214285
-97.347153,96,139.266567
-95.011258,95,139.303381
-115.729371,109,139.340142
-160.38589,90,139.369508
-259.007184,89,139.398666
-100.60707,95,139.429132
-156.791308,128,139.470437
-202.320777,122,139.5101
-21.673637,75,139.534191
-317.760191,106,139.568591
-85.281019,76,139.593269
-242.243394,103,139.626539
-106.507009,64,139.647162
-0.665,104,139.681082
-61.304272,73,139.704772
-175.652416,77,139.729939
-157.565769,94,139.760364
-83.667242,64,139.781363
-224.166424,122,139.820951
-112.192252,79,139.846851
-131.738006,81,139.872971
7.8763,137,139.917524
-273.998159,98,139.949567
-398.526083,204,140.015738
-17.651152,144,140.06205
-65.790697,65,140.083411
32.079625,62,140.103792
-127.567408,76,140.128491
-193.265778,105,140.162494
-108.02755,81,140.188914
-113.233681,69,140.211418
-120.803699,91,140.241036
-125.882751,57,140.259623
-233.560155,119,140.298263
-104.331935,81,140.324461
-72.468113,77,140.349668
-79.560427,71,140.372718
-134.254024,85,140.400358
-184.618709,75,140.424756
-335.872746,116,140.462369
-128.800507,74,140.486383
-87.759866,72,140.509737
-8.935112,99,140.542
-140.875734,110,140.577585
-9.090926,118,140.615832
-312.639273,94,140.64631
-89.718363,79,140.672086
-117.218696,92,140.701818
-108.656326,131,140.743667
-99.548694,93,185.715144
-279.513884,155,185.815618
-138.990159,122,185.862304
-172.48106,169,185.916919
-152.260336,130,185.958629
-152.576084,90,185.987708
-138.097152,155,186.037092
-141.710705,116,186.073923
-160.66245,113,186.110211
-103.870096,67,186.131846
-85.952855,67,186.153468
-330.424084,151,186.201713
-90.603376,69,186.223991
-144.988829,150,186.27189
-109.401329,69,186.294249
-60.4375,88,186.322722
-101.635606,82,186.348968
-188.738597,158,186.399546
-108.027345,114,186.436288
-340.766757,112,186.473395
-93.669154,61,186.493402
-247.56948,120,186.531856
-96.734608,89,186.560835
-103.514038,136,186.60473
-83.258491,107,186.639609
-364.610164,126,186.68073
-237.972309,131,186.723122
-132.224386,77,186.748191
-37.008141,63,186.768659
-118.526459,82,186.795382
-66.708475,137,186.83962
-193.200908,114,186.876322
-89.272275,76,186.900993
-268.608007,144,186.947657
-162.251257,96,186.978734
-281.596966,146,187.026292
-119.866988,91,187.055509
-80.658561,79,187.081314
-186.975397,70,187.104162
-163.934491,156,187.154394
-99.641376,74,187.178283
-112.666213,71,187.20121
-121.311022,144,187.247621
-102.639097,110,187.282971
-187.18561,98,187.314803
-179.643185,111,187.350641
-139.208803,90,187.379965
-184.016331,166,187.433406
-187.829049,125,187.473833
-66.947811,76,187.498598
-35.134192,90,232.730467
-96.655399,63,232.779366
-247.305082,121,232.844024
-120.295961,85,232.876059
-129.048589,128,232.918202
-222.890828,122,232.957496
-108.445043,78,232.982629
-81.970379,75,233.007119
-127.676477,130,233.04913
-113.093073,106,233.08327
-213.848994,86,233.111252
-128.392337,112,233.147281
-23.968713,134,233.190836
-131.890175,86,233.218716
-106.093163,171,233.273615
-128.289415,149,233.321959
-239.380838,121,233.361062
-88.906252,63,233.381741
-219.0707,126,233.422759
-102.586373,61,233.442567
-96.661227,72,233.465923
-127.867428,93,233.496001
-102.257849,74,233.519966
-254.663625,121,233.559345
-80.848337,129,233.601276
-115.352581,72,233.624628
-65.866627,129,233.66621
-92.646804,84,233.693285
-131.240117,70,233.716004
-104.393782,75,233.740487
-110.793343,119,233.778997
-270.891952,123,233.81826
-67.82758,64,233.83924
-110.758037,120,233.878006
-111.194987,85,233.905403
-95.451348,64,233.926334
-128.442265,110,233.961834
-114.029571,74,233.985773
-144.654763,89,234.014588
-273.442628,111,234.050832
-232.953091,143,234.096669
-112.541108,66,234.11826
-113.761431,85,234.145656
-70.73838,141,234.190999
-124.366076,75,234.215048
-190.661535,114,234.251887
-207.546614,106,234.286098
-167.738169,134,234.329115
-142.360573,106,234.363388
-112.782594,108,234.398247
-185.9112,129,279.294287
-295.543062,99,279.358086
-123.953421,142,279.413434
-268.188602,163,279.466811
-50.470872,147,279.513904
-121.60128,98,279.54534
-187.541093,75,279.569549
-113.1672,82,279.595596
-222.022463,114,279.632094
-138.881596,101,279.664168
-268.915423,155,279.713516
-84.961327,89,279.742195
-315.596056,147,279.789104
-96.784305,124,279.828831
-94.401043,122,279.867954
-84.465789,69,279.890164
-131.392902,60,279.909638
-136.204798,94,279.939771
-154.51793,89,279.968216
-279.037406,111,280.003985
-149.102868,111,280.039886
-232.570712,153,280.089031
-81.44288,103,280.122226
-125.820139,93,280.152289
-81.043733,125,280.192606
-241.587271,110,280.22769
-85.093351,83,280.254446
-107.664761,150,280.302617
-96.008424,62,280.32263
-238.575522,119,280.361077
-114.789524,82,280.387504
-94.162785,102,280.420478
-160.935185,128,280.461547
-295.642694,103,280.495178
-208.040731,146,280.541897
-130.141513,159,280.592913
-169.309344,123,280.632412
-117.007518,127,280.673527
-121.612231,184,280.732432
-154.508539,68,280.754808
-118.552066,108,280.789752
-126.698415,122,280.828743
-235.760155,98,280.860399
-97.751145,85,280.887904
6.355466,131,280.930303
-129.855246,164,280.982891
-106.763779,135,281.026268
-293.170868,137,281.070432
-200.550134,179,281.127667
-77.684237,79,281.153237
-269.76112,127,326.386856
-189.013285,180,326.485376
-177.802125,84,326.516008
-78.354337,68,326.538582
-76.436394,67,326.560338
-50.261392,128,326.601309
-94.707265,84,326.628711
-293.658367,195,326.691584
-220.688859,153,326.740542
-318.759768,123,326.780599
-45.779299,85,326.808057
59.806848,105,326.842463
-137.035441,93,326.872787
-118.954147,153,326.92227
-273.903957,82,326.948987
-114.284219,78,326.974216
-93.252736,122,327.013366
-94.656756,75,327.037823
-132.428374,78,327.062947
21.657237,129,327.104908
-99.492317,125,327.144884
-144.126551,140,327.189819
-102.037699,146,327.2369
-215.246949,90,327.266226
-394.806585,267,327.351406
-79.354631,138,327.395899
-70.672596,99,327.42818
-135.708062,71,327.451601
-178.667633,119,327.490098
-70.790494,83,327.516712
-233.55269,170,327.57149
-353.842665,97,327.602915
-159.42713,78,327.628227
-179.368623,83,327.655561
-90.861137,78,327.680771
-286.403196,203,327.745738
-199.41975,165,327.79886
-119.429695,83,327.825956
-74.047635,70,327.848822
-119.193471,65,327.869951
-261.0497,125,327.909906
-129.085539,83,327.936628
-169.257763,127,327.977366
-130.390433,149,328.024989
-52.468459,86,328.052985
45.190477,92,328.083181
-131.643231,142,328.128747
-240.366162,162,328.180761
-343.030262,246,328.259513
-179.589541,143,328.305614
-110.905321,114,373.386687
-463.138073,140,373.472623
-436.461141,246,373.559233
-233.425583,108,373.594059
-183.894857,98,373.625978
-262.555832,153,373.675287
-60.790477,62,373.695465
-184.507848,128,373.736663
-253.311071,197,373.799881
-91.170512,112,373.836101
-35.477676,97,373.867868
-150.448879,114,373.904866
-211.288798,103,373.938469
-92.74678,86,373.966267
-196.515444,202,374.031469
-342.180836,112,374.067816
-23.82065,144,374.114265
-152.711468,183,374.172961
-328.72584,176,374.229566
-124.426637,128,374.270654
-244.837163,123,374.310543
-65.541288,64,374.331625
-72.966918,78,374.356942
-97.710299,131,374.399374
-247.662483,193,374.461317
-174.04148,151,374.509949
-26.743867,81,374.536467
-59.008708,83,374.563716
-91.733949,86,374.591756
-101.630506,95,374.622585
-204.346795,95,374.653404
-105.186014,68,374.675551
-237.973202,97,374.706742
-191.9614,150,374.755278
-90.384237,79,374.780871
-132.807873,115,374.817752
-142.696545,96,374.848892
-211.642544,157,374.899267
-52.065151,139,374.944583
-156.950272,120,374.983223
24.5472,110,375.019087
21.136717,168,375.074602
-85.318417,74,375.098846
-227.64581,168,375.15314
-373.638021,162,375.205462
-49.438741,61,375.225375
-235.958367,179,375.283145
-205.870013,152,375.332203
-59.694722,149,375.380103
-244.062872,117,375.418263
-109.20734,82,420.274164
-164.386066,123,420.362012
-99.665787,100,420.405362
-329.806135,175,420.46479
-133.133622,94,420.49479
-202.212747,203,420.55988
-88.790284,83,420.586596
-136.168357,79,420.612145
-142.332959,216,420.681206
-375.858028,104,420.714558
-90.623183,74,420.7386
-140.791426,112,420.774561
-285.80197,122,420.813772
-430.418138,216,420.88295
-592.182575,187,420.942588
-73.791423,157,420.992915
-165.756716,74,421.017109
-132.882347,86,421.044818
-344.35066,186,421.104717
-111.907159,160,421.155756
-86.70513,75,421.180111
-429.203961,264,421.264533
-86.126326,79,421.290043
-46.002386,125,421.330514
-235.109206,170,421.384987
-72.580274,96,421.415943
-234.75792,175,421.472233
-186.835187,92,421.502035
-183.583503,136,421.545566
-176.690074,153,421.594622
-97.108077,69,421.616932
-494.437552,147,421.663733
-173.683956,149,421.711365
-93.531866,95,421.741951
-105.451947,86,421.769524
-190.53824,120,421.808002
-111.892413,85,421.835381
-226.082852,97,421.866917
-61.663179,98,421.898491
-167.974986,179,421.955895
-182.731718,159,422.006857
-318.512247,265,422.091551
-122.284664,149,422.139614
-132.444894,120,422.178074
-85.123218,73,422.201831
-713.877487,248,422.280823
-63.128816,116,422.31807
-317.396547,165,422.370843
-190.453884,150,422.418793
-420.313687,268,422.504276
-520.1687,336,468.180192
-207.723048,314,468.282602
-63.041856,75,468.306921
-346.912823,196,468.369395
-68.713421,87,468.397477
-104.819242,74,468.42115
-89.647635,123,468.460709
-70.592569,184,468.519754
-245.5089,107,468.554398
-505.955912,181,468.612116
-98.776932,133,468.655246
-173.308388,184,468.714242
-232.241478,182,468.772755
-25.860356,113,468.809151
-493.364997,410,468.940426
-747.971642,243,469.018005
-64.80667,94,469.048314
-77.022416,76,469.073133
-151.355945,399,469.199688
-88.582705,152,469.248436
-437.122473,314,469.348448
-86.556369,145,469.394891
-24.584423,146,469.442111
-386.836234,160,469.49311
-1013.118538,222,469.563515
-336.569908,267,469.648339
-69.964556,164,469.701011
-419.539349,186,469.760227
-94.230225,67,469.781831
-22.049653,89,469.81034
-74.420429,147,469.857382
-258.274983,122,469.896806
-360.916244,192,469.958276
-78.223751,71,469.981145
-394.035581,208,470.047338
-75.083748,99,470.079197
-300.921605,160,470.130683
-215.191587,195,470.193017
-117.984951,129,470.234323
2.756214,94,470.26482
-67.816269,94,470.295157
-110.04253,166,470.348424
-151.653471,76,470.373041
-602.306503,210,470.440236
-63.303896,107,470.474376
-27.701162,152,470.522952
-359.999656,164,470.575533
-219.196211,202,470.64049
-328.709052,274,470.727994
-340.782691,225,470.7999
-86.164798,228,515.981825
-98.65184,91,516.018246
-120.472061,108,516.055216
-4.987225,151,516.103827
-164.818539,109,516.138956
-81.822238,116,516.176326
-118.959689,74,516.200231
-1.338937,159,516.251305
-85.535144,140,516.296059
-120.22137,130,516.337718
-79.522849,148,516.385046
-254.548825,199,516.448406
-75.574236,76,516.473145
-136.018528,135,516.517007
-125.221555,100,516.549303
-112.078279,86,516.577129
-18.540237,126,516.618403
-86.403118,106,516.652901
-132.978289,154,516.702619
-123.834003,156,516.753158
-119.974738,77,516.778236
-265.972153,131,516.820182
-68.807783,67,516.841981
-123.440964,98,516.87378
-117.53647,160,516.925023
-136.690667,122,516.964276
-129.159903,77,516.989331
-174.162273,97,517.020894
-101.798146,107,517.055435
-127.948888,88,517.083941
-136.969784,161,517.135444
-123.731343,91,517.164695
-290.551918,98,517.196478
-74.024043,76,517.220922
-163.274364,176,517.277676
-60.665743,101,517.309947
-103.933929,95,517.340379
-311.226369,108,517.375197
-428.16431,322,517.477266
-100.350177,118,517.515339
-61.353319,78,517.540498
-42.743671,84,517.568084
-140.922124,131,517.610368
-217.236489,187,517.670551
-55.99869,125,517.711476
-201.69018,338,517.819931
13.178313,122,517.859591
-109.253067,78,517.884952
-383.152668,149,517.932767
-272.604486,173,517.988297
-158.177848,89,563.380483
-38.809019,178,563.492004
-133.863854,175,563.555103
-78.368678,93,563.585321
-116.547736,143,563.631795
-270.881392,166,563.685833
-231.80014,235,563.761976
-179.730408,311,563.862785
-240.76076,105,563.89706
-44.036693,104,563.930924
-69.564781,160,563.98258
-107.848057,126,564.023481
-39.834383,130,564.065671
-21.302069,114,564.102733
-102.81122,156,564.153319
-82.778416,85,564.180838
-54.581892,123,564.220502
-87.668136,216,564.289824
-3.772529,109,564.325547
-68.111148,116,564.363097
-50.142609,132,564.406141
-119.112011,150,564.454699
-93.060987,100,564.487097
-82.714354,127,564.52837
-69.364524,139,564.573328
-77.094062,161,564.625296
-46.082037,111,564.661285
-232.339191,163,564.714251
-183.588169,92,564.743914
-66.457771,124,564.783904
-125.445753,76,564.808784
-202.351411,199,564.873329
-123.718245,178,564.930879
-24.590056,105,564.964902
-80.98509,152,565.01399
25.480733,93,565.044508
-85.514976,82,565.0714
-268.646716,195,565.134485
-218.092358,221,565.206472
-80.047247,84,565.233861
-124.909839,90,565.263063
-174.830326,102,565.296342
-102.294893,100,565.328804
-270.626129,211,565.397107
-95.743731,177,565.454332
-258.705494,205,565.520846
-62.021893,92,565.550692
-190.127924,246,565.629947
-211.789875,257,565.712788
-45.204658,119,565.7514
-97.709377,93,610.629282
-128.05439,185,610.740672
-116.31567,130,610.788166
-89.207367,106,610.822375
-121.808871,174,610.877903
-87.400915,76,610.902175
-80.642763,67,610.923864
-85.937472,114,610.960689
-111.422191,104,610.993862
-122.903551,87,611.022036
-92.373952,123,611.061621
-72.48532,77,611.086576
-137.472546,99,611.118749
-109.935022,153,611.167593
-102.887582,121,611.206201
-40.058676,90,611.235414
-155.575588,115,611.272137
-95.056927,110,611.307783
-100.785373,83,611.33454
-68.501857,125,611.374821
-215.97652,115,611.41202
-59.791105,76,611.436612
-131.59937,111,611.472495
-151.732635,88,611.500684
-84.642139,138,611.544685
-13.871261,107,611.579291
-66.560355,141,611.624742
-101.46905,127,611.665427
-86.633906,158,611.715985
-65.839883,88,611.744297
-89.251707,183,611.802893
-52.39397,137,611.846853
-48.173753,133,611.889644
-45.549023,138,611.934099
-125.880469,133,611.976735
-194.365128,96,612.007871
-79.869726,85,612.035479
-91.888837,91,612.06479
-65.887817,90,612.093672
-97.868578,97,612.124893
-36.356826,131,612.167061
-126.955029,215,612.236057
-100.837631,211,612.30381
-44.358431,78,612.328973
-60.060553,151,612.377279
-99.656306,75,612.401418
-72.971693,163,612.453603
-80.922672,135,612.496907
-92.821659,194,612.559123
-77.271602,139,612.603783
-136.406112,153,657.863621
-107.719975,79,657.911263
-61.509291,106,657.954244
-79.998267,108,657.99121
-63.611986,118,658.029413
-118.66053,179,658.086967
-71.346381,162,658.139157
-97.779072,148,658.186774
-59.315881,140,658.231909
-93.609503,150,658.280292
-140.486619,110,658.315924
-87.144351,65,658.337311
-37.559586,124,658.377707
-81.253902,141,658.423311
-119.278484,133,658.466452
-88.218242,138,658.511146
-52.103527,180,658.569419
-136.923041,94,658.600054
-101.813443,87,658.628459
-79.570615,68,658.650739
-77.573744,117,658.697316
-93.193615,105,658.731554
-93.367524,166,658.785148
-95.440751,107,658.820194
-47.289249,120,658.859323
-111.594439,138,658.903869
-54.022775,114,658.940723
-69.476612,76,658.965422
-85.483155,64,658.986367
-77.120308,99,659.018575
-32.177106,158,659.06959
-75.815242,80,659.095811
-61.835348,148,659.143407
-96.258017,82,659.170185
-121.062387,70,659.193068
-66.752516,100,659.225577
-51.192681,151,659.27402
-117.06986,137,659.318517
-213.421834,113,659.355243
-65.987523,78,659.380575
-108.319985,74,659.404672
-52.215917,137,659.448964
-92.09221,81,659.475189
-57.457116,94,659.505695
-83.679211,152,659.554707
-118.697349,99,659.586751
-62.606793,92,659.616337
-5.972284,152,659.665695
-188.824995,120,659.70556
-66.800115,126,659.746396
-113.015941,180,704.732553
-27.358683,89,704.776717
-32.895018,92,704.81234
-70.699492,134,704.856788
-59.358116,135,704.900277
-73.665935,126,704.941144
-52.815483,78,704.966738
-37.603829,158,705.0175
-83.823061,163,705.069971
-92.498775,130,705.112061
-437.605684,510,705.275193
-26.904511,111,705.311049
-222.251586,407,705.44142
-76.62312,74,705.465287
-46.484725,79,705.490591
-45.799871,91,705.520087
-77.889189,169,705.574429
-65.779975,77,705.599673
-53.718739,240,705.677197
-83.465984,89,705.706019
-127.884188,95,705.73682
-94.189675,68,705.759024
-72.376109,133,705.801843
-55.383186,110,705.837346
-50.082373,99,705.869333
-99.211536,111,705.9055
-109.003141,189,705.96612
-184.574031,138,706.010188
-83.678757,172,706.065565
-60.031018,93,706.095828
-17.88674,132,706.138451
-49.768986,184,706.197401
-131.927156,150,706.245453
-75.241274,110,706.280933
-61.668167,210,706.348255
-81.013894,118,706.386743
-29.668471,115,706.42388
-17.84944,108,706.458654
-74.961238,157,706.508888
-80.429329,144,706.555057
-86.257169,71,706.577975
-39.496435,88,706.606462
-46.945152,99,706.638515
-105.668539,130,706.680286
-191.912473,252,706.761334
-69.668633,123,706.801078
-91.839844,199,706.864754
-45.336541,125,706.905009
-98.169808,128,706.946164
-82.252684,98,706.977683
-124.200576,199,752.356677
-81.630956,83,752.394572
-72.874084,100,752.431505
-122.894588,189,752.492718
-121.649896,148,752.540167
-83.230958,102,752.573132
-169.049916,157,752.623489
-65.090679,81,752.649798
-137.365148,79,752.675355
-127.79428,110,752.711009
-43.807308,95,752.741734
-239.858992,150,752.790227
-173.663489,128,752.831876
-221.940096,129,752.873511
-128.232493,115,752.910392
-54.876629,111,752.946141
-64.879702,89,752.974967
-171.263318,204,753.040419
-143.536444,208,753.106894
-121.268815,92,753.136386
-157.0304,228,753.209615
-139.617903,79,753.235398
-33.387297,119,753.273828
-88.954997,117,753.31161
-92.810684,92,753.341495
-122.557497,166,753.394774
-136.625527,164,753.447366
-265.949166,123,753.486935
-95.344093,134,753.529861
-44.07456,87,753.557867
-66.808054,119,753.596333
-141.62592,154,753.645916
-71.973139,119,753.684475
-147.342714,107,753.719373
-78.977542,87,753.747778
-96.349808,97,753.779275
-140.386185,138,753.823457
-120.553626,148,753.870867
-54.747372,104,753.904387
-76.131426,154,753.954135
-88.252676,203,754.019576
-159.558461,157,754.069523
-32.412669,97,754.100839
-93.491386,153,754.150157
-151.948376,197,754.212953
-154.876481,174,754.268631
-111.288409,145,754.315299
-110.353479,123,754.354892
-103.430544,233,754.429656
-89.053748,166,754.482659
-73.628884,101,799.625934
-45.719669,78,799.685012
-76.331442,102,799.73422
-41.603128,89,799.767601
-142.721509,157,799.81917
-57.513331,106,799.853615
-25.125311,128,799.894986
-84.857536,95,799.925539
-117.5145,193,799.98702
-34.276157,136,800.030535
-56.957214,109,800.065859
-31.182529,116,800.103268
-206.257897,205,800.169049
-105.099279,190,800.229658
-75.530901,103,800.262799
-32.467152,192,800.324463
-39.274538,113,800.361055
-105.89773,194,800.423052
-142.156046,154,800.472467
-171.060042,152,800.520923
-92.005659,110,800.556142
-75.445497,150,800.604121
-119.17222,102,800.637105
-234.559913,216,800.706313
-115.872135,163,800.758498
-70.344863,78,800.783607
-64.111731,73,800.806951
-162.214247,180,800.864486
-47.996986,99,800.896614
-131.142614,99,800.928431
-54.25007,112,800.964556
-113.785031,126,801.005062
-100.239705,129,801.046207
-136.092761,95,801.076805
-106.713417,120,801.115128
-81.177486,74,801.139033
-79.975452,97,801.17017
-106.845015,59,801.189295
-147.748434,93,801.219149
-197.590868,228,801.29163
-44.681366,83,801.318642
-140.630925,160,801.36975
-18.915385,155,801.419118
-114.787714,116,801.456102
-59.165248,73,801.479727
-99.879984,86,801.507489
-175.400913,132,801.549515
-113.463185,132,801.591643
-35.216526,123,801.630923
5.408561,184,801.689382
-133.58418,214,846.633477
-83.586099,97,846.675017
-110.980354,213,846.746557
-116.005141,110,846.782111
-60.419416,77,846.807128
-49.160834,96,846.838378
-88.119839,157,846.888986
-62.295018,116,846.926864
-84.219921,110,846.962485
-67.832273,110,846.998193
-83.164476,71,847.020996
-36.845196,164,847.073919
-164.998773,223,847.145628
-5.046457,111,847.181441
-60.275558,76,847.205827
-94.274858,93,847.23595
-11.172767,73,847.259598
-105.029298,143,847.305768
-115.388287,110,847.34114
-141.335204,96,847.372205
-92.434156,66,847.393619
-28.301547,113,847.43012
-97.354201,147,847.477519
-7.833619,116,847.514945
-81.945748,104,847.548639
-112.444137,215,847.617281
-134.10533,87,847.645257
-87.031236,118,847.683061
-92.569374,120,847.721316
-95.185773,233,847.795271
-106.90655,172,847.850418
-78.092357,92,847.880142
-51.712615,88,847.908836
-192.890999,214,847.977216
-118.869287,167,848.030623
-50.031724,78,848.055909
-83.147735,81,848.082448
-196.888241,158,848.133341
-64.333599,139,848.177917
-150.889604,163,848.230059
-188.724987,155,848.279664
-156.332062,101,848.312358
-89.08712,161,848.363961
-79.889639,176,848.420744
-106.595457,162,848.473043
-83.480774,178,848.529987
-96.89283,117,848.567671
-88.499574,120,848.606411
-67.565798,222,848.677724
-185.208618,193,848.739709
-125.193019,108,894.249786
-107.873562,164,894.348232
-92.009572,139,894.398802
-153.360851,171,894.45395
-114.210153,169,894.508852
-99.84843,141,894.554591
-86.881071,72,894.578043
-143.001862,172,894.633332
-111.737296,282,894.724168
-85.597786,126,894.764914
-129.059375,99,894.796973
-98.580309,89,894.825881
-170.802714,180,894.883557
8.275767,139,894.928329
-113.895781,188,894.988921
-136.306197,274,895.077154
-115.105554,94,895.107485
-170.116898,158,895.15852
-107.243625,225,895.231242
-61.313794,93,895.26166
-122.763228,277,895.350158
-95.498263,100,895.382505
-141.167082,189,895.443292
-140.180791,241,895.521293
-52.291654,125,895.561932
-146.559383,227,895.635041
-137.036575,99,895.666683
-44.121521,94,895.697119
-103.379649,102,895.729872
-118.66345,147,895.777061
-114.44507,123,895.816823
-143.098123,169,895.871278
-136.407978,137,895.915996
-27.872595,157,895.966561
-39.668108,112,896.002551
-129.597076,128,896.043904
-55.243668,74,896.067996
-88.470724,120,896.10673
-117.234791,222,896.178244
-160.140331,130,896.220258
-69.183061,87,896.248618
-131.073228,121,896.287764
-103.05022,78,896.313398
-26.625841,107,896.348083
-74.027094,122,896.387748
-103.235952,191,896.449167
-39.240049,101,896.481791
-171.827864,176,896.538382
-133.691858,201,896.602975
-139.055224,257,896.685905
-22.780551,92,941.774321
-123.077797,224,941.901622
-119.348918,313,942.004966
-105.41396,138,942.049386
-84.22189,143,942.095367
-4.856644,114,942.132318
-71.628322,141,942.17778
-45.49553,107,942.212176
-69.326324,176,942.268893
-38.753611,260,942.352208
-41.804157,117,942.390173
-44.41713,108,942.42516
-80.496924,200,942.489619
-27.867068,184,942.549002
18.529889,112,942.58559
-9.426952,169,942.640379
-87.532104,92,942.669902
-54.102179,165,942.722694
-76.19359,150,942.77064
17.026209,120,942.809168
-99.206731,211,942.876236
-61.356163,303,942.972158
-49.415943,189,943.032305
-63.967084,147,943.0792
-41.713398,103,943.112236
-38.179047,135,943.155379
16.953436,193,943.216708
-48.387231,94,943.246805
-114.600123,149,943.294341
-57.166819,165,943.34668
-151.617022,104,943.380183
4.237191,266,943.465536
-104.261458,234,943.540437
-70.636777,90,943.569443
-78.661772,129,943.610741
-47.024468,74,943.63463
-40.895678,240,943.711845
-63.362457,246,943.790416
-24.11865,147,943.837552
-59.205522,228,943.910934
-95.543083,296,944.006029
3.861533,145,944.052809
-76.642645,176,944.10946
-128.652791,133,944.152714
-104.37503,129,944.194409
-95.974874,139,944.239306
-69.410898,182,944.297965
-101.614164,94,944.328307
-100.363366,163,944.38055
-127.129558,220,944.451242
-26.406748,122,989.978561
-94.511732,104,990.046352
-11.954898,134,990.100016
-72.513294,208,990.168073
5.266463,173,990.223987
-90.737682,141,990.269618
-14.937481,159,990.321316
-36.733418,198,990.384904
-80.329711,99,990.416915
-64.96514,117,990.454853
-22.406008,238,990.531253
-91.061534,69,990.553726
-61.002882,122,990.593097
-4.773695,144,990.639325
-47.076973,175,990.695621
-40.473042,217,990.765445
-47.726595,96,990.796786
-53.663284,177,990.85374
10.17251,122,990.893142
-5.704307,216,990.962831
1.536164,138,991.007215
-25.727944,162,991.05975
-65.689038,143,991.105898
-31.036392,115,991.143235
-17.189271,130,991.185339
-86.273533,233,991.260052
-20.000474,167,991.313993
-66.208259,124,991.353942
-45.449395,196,991.417147
-83.175997,75,991.441422
-76.149858,190,991.502462
15.258909,251,991.583308
-37.109761,148,991.631344
-67.180901,190,991.692943
-81.123292,85,991.720633
-49.565369,79,991.746348
-21.602551,121,991.78551
-9.944142,137,991.829861
17.71124,101,991.862756
-39.882814,163,991.915688
-108.67773,136,991.959793
-46.368891,267,992.045886
-54.105457,138,992.090636
-11.554451,176,992.147399
-99.865733,134,992.19029
-50.939134,117,992.228208
-97.883618,118,992.266476
-47.761669,181,992.324964
-89.433756,193,992.38677
-61.92677,91,992.416274
10.600929,141,1037.622401
1.068392,147,1037.702906
-31.22565,207,1037.773603
-77.767463,106,1037.8074
-1.454955,175,1037.863271
-21.740056,278,1037.951512
-33.595599,220,1038.021734
-21.350913,180,1038.07908
-67.07106,125,1038.118956
-41.197617,133,1038.161433
-48.74174,169,1038.215266
-94.071279,87,1038.243047
-122.468805,159,1038.294282
-72.296488,128,1038.335469
-73.239814,79,1038.360981
-77.525187,143,1038.4071
12.076425,147,1038.454581
-25.257111,161,1038.50653
-58.860137,580,1038.691365
-72.107799,90,1038.720656
-98.404008,78,1038.745822
-64.626264,98,1038.777219
-63.280974,131,1038.819263
-105.547343,368,1038.936851
-25.574826,256,1039.018448
-128.830483,127,1039.05905
-84.947425,558,1039.237228
-47.445831,150,1039.28526
23.512932,130,1039.326898
-32.363131,175,1039.382941
-97.051618,165,1039.435672
14.653867,132,1039.478199
-86.147376,138,1039.522436
-95.762422,112,1039.558814
-62.896185,94,1039.588798
-21.661399,237,1039.664171
27.450747,166,1039.716749
-95.708952,95,1039.747207
-46.62551,88,1039.775329
-78.46555,213,1039.842943
-57.665159,96,1039.873646
-236.870275,483,1040.027529
-4.744615,126,1040.067784
-52.799076,423,1040.203267
-48.10046,246,1040.282264
-57.542595,183,1040.341295
-76.957897,259,1040.423976
-33.077956,176,1040.480352
-36.713152,131,1040.522549
-411.160765,370,1040.640339
-57.25649,106,1086.307012
-75.459257,203,1086.42083
-101.883062,137,1086.468581
-109.96347,196,1086.531282
20.057651,139,1086.575851
-91.314507,124,1086.615952
-98.306741,81,1086.642154
-32.576954,153,1086.691478
-74.726599,260,1086.775023
6.304315,257,1086.857635
-60.58831,114,1086.894199
-117.897192,195,1086.957027
-71.060687,177,1087.013898
-6.968905,172,1087.069363
-102.330346,115,1087.106318
-89.970861,287,1087.198069
-56.463407,115,1087.235049
-59.593001,189,1087.295436
-76.30247,213,1087.3637
-58.913549,194,1087.425706
-12.552793,190,1087.486561
-94.606805,156,1087.536556
-98.098926,132,1087.579403
2.387046,378,1087.700244
-50.526249,270,1087.786543
-62.017161,123,1087.826055
-68.562633,131,1087.868681
-119.918411,313,1087.968774
-55.118899,98,1088.000483
-44.364814,143,1088.046343
-142.66728,310,1088.145309
39.151165,228,1088.218689
-94.825092,131,1088.260592
18.217225,126,1088.301805
-15.116752,204,1088.367369
-110.189943,268,1088.453349
-28.470693,405,1088.582758
-69.073847,131,1088.625094
-7.727593,361,1088.740274
-78.594395,149,1088.787961
-87.71531,111,1088.82388
4.533444,140,1088.868842
8.247221,263,1088.953216
-91.891684,256,1089.034833
-68.732785,189,1089.095304
-126.795561,152,1089.143779
-64.156629,82,1089.17048
-22.521275,163,1089.223176
-94.810438,560,1089.402168
-88.656365,294,1089.495814
-29.116176,153,1134.622893
-73.507714,178,1134.709684
-73.026876,176,1134.767868
-34.01952,155,1134.817793
-87.58312,64,1134.838422
-28.012054,177,1134.894843
-66.301124,154,1134.944328
-25.411509,275,1135.032172
-38.770783,82,1135.058422
-42.972265,197,1135.121702
-78.928185,153,1135.170746
-83.448241,143,1135.217081
-87.649271,199,1135.280653
-78.91075,130,1135.322156
-108.204466,160,1135.373105
-102.624392,161,1135.424842
-18.047211,146,1135.471793
-69.411699,123,1135.511086
-28.124601,90,1135.540118
-109.593855,117,1135.577643
-3.053074,115,1135.6145
-10.232691,158,1135.664938
-109.274156,166,1135.718076
-69.191868,84,1135.745197
-65.83781,252,1135.825566
-70.416274,109,1135.860751
-40.91167,129,1135.902168
-80.994276,130,1135.944165
-23.535422,127,1135.984868
-125.709173,100,1136.016968
11.085474,117,1136.054615
-41.213323,98,1136.086361
-34.498595,132,1136.128538
-60.915237,98,1136.160064
-119.999989,130,1136.201882
-145.921731,126,1136.242118
12.087818,109,1136.277213
-96.942925,185,1136.336404
-73.51622,113,1136.372531
-98.841787,110,1136.40802
-82.085517,113,1136.444282
-63.447822,84,1136.471354
-77.007377,137,1136.514961
-60.902579,153,1136.56352
-51.567445,102,1136.596276
-123.732584,122,1136.63522
-73.057584,105,1136.668795
-11.988097,137,1136.712693
-33.157231,192,1136.773717
-100.134483,163,1136.82573
-97.360865,122,1182.374272
-87.771143,96,1182.438654
-45.245302,115,1182.486117
-54.50145,131,1182.530399
-34.86545,143,1182.57616
-85.318551,123,1182.615659
-49.013975,171,1182.670288
-84.344697,83,1182.696987
-98.199577,130,1182.738644
-94.512151,123,1182.77922
-101.151147,116,1182.816429
-99.518865,223,1182.887366
-67.524363,103,1182.920367
-28.909675,135,1182.963998
-105.059613,116,1183.001327
-85.817065,139,1183.045821
-69.16415,83,1183.072522
-76.045209,200,1183.136512
-104.770021,104,1183.170114
-31.352089,113,1183.206699
-85.161702,111,1183.242597
-107.536277,142,1183.28805
-28.790866,83,1183.315035
10.150035,192,1183.376469
-81.590093,61,1183.396103
-122.263959,328,1183.50007
-42.941472,227,1183.572469
-103.791794,116,1183.609571
-140.467143,104,1183.642882
-11.035333,224,1183.714506
-89.541217,117,1183.751803
-195.951828,136,1183.795545
-4.10081,92,1183.825181
14.798755,284,1183.915691
-0.577157,130,1183.957721
-115.482636,116,1183.995031
-93.410215,123,1184.034505
-120.492061,111,1184.070018
-10.441201,284,1184.160618
-101.437946,85,1184.187658
-57.584321,132,1184.229923
-123.565101,134,1184.272867
-61.255288,118,1184.310948
-141.853758,135,1184.354095
-67.738201,166,1184.406404
-74.749084,100,1184.438398
-26.825673,151,1184.48639
-54.518762,160,1184.53707
6.829862,203,1184.601306
22.658202,186,1184.660615
-19.57227,157,1230.67236
-99.606967,146,1230.745301
-13.541327,159,1230.800551
-3.401617,109,1230.835774
-88.320988,111,1230.87167
-61.330867,84,1230.898924
-70.792677,118,1230.937262
-84.699174,82,1230.963738
-67.174711,91,1230.993119
-39.737663,123,1231.032682
-136.450857,131,1231.074754
-90.377871,75,1231.098684
-129.124909,112,1231.13491
-82.555819,82,1231.161257
-66.706693,109,1231.196209
-5.830457,117,1231.23419
-27.094605,126,1231.274677
-31.594348,128,1231.315682
-28.080394,87,1231.343707
-44.086602,79,1231.369364
-90.652792,107,1231.404071
-48.665297,174,1231.459764
-10.593903,98,1231.49148
-116.138237,113,1231.527911
-14.787605,185,1231.587688
-77.664655,80,1231.613385
-9.115253,154,1231.663012
-79.504206,114,1231.699574
-14.608884,203,1231.765393
-80.086777,119,1231.803396
-70.222764,70,1231.826184
-56.072236,148,1231.874166
-101.173262,76,1231.898728
8.845522,128,1231.940037
-20.381327,189,1232.000308
-91.276716,79,1232.025751
-14.90284,147,1232.073829
-85.533566,120,1232.112532
-113.769262,109,1232.147575
-11.590608,110,1232.183254
-68.620482,134,1232.226441
-10.371069,96,1232.257855
-55.778383,152,1232.306653
-45.779111,165,1232.359549
-97.115742,97,1232.390953
-96.809121,122,1232.430102
10.816122,99,1232.462174
-26.042469,118,1232.499973
-128.982234,99,1232.531825
-56.984799,100,1232.564284
-40.638253,196,1286.520566
-28.655409,77,1286.554743
-96.815046,90,1286.587872
-33.067829,177,1286.645049
-99.808204,104,1286.678434
-69.500771,86,1286.706073
-121.443612,107,1286.741034
-50.177639,250,1286.821865
-28.659098,138,1286.868333
-104.147701,84,1286.895974
-70.586941,127,1286.936929
-41.28766,133,1286.981046
-33.460089,143,1287.029229
-58.563526,118,1287.068573
-53.218564,75,1287.092905
-104.190559,85,1287.120636
-95.23389,78,1287.145934
-4.868881,96,1287.176979
-26.661406,108,1287.212029
-42.766371,128,1287.253381
-83.983299,74,1287.277258
-27.234578,125,1287.317471
-102.922685,90,1287.346858
-89.113655,120,1287.385762
-44.035462,146,1287.43306
-74.001886,104,1287.466724
-84.449196,103,1287.500087
-100.068003,82,1287.527366
-36.647912,74,1287.551651
-20.816546,168,1287.606382
-66.908783,128,1287.647636
-74.537475,125,1287.688341
-28.606429,122,1287.728307
-61.277506,91,1287.757842
-28.555515,106,1287.792788
-23.638148,154,1287.843624
-97.350978,129,1287.885818
-83.643973,92,1287.915976
-93.295424,115,1287.953452
-30.497978,72,1287.977106
-57.221621,68,1287.999428
-59.11613,78,1288.024677
12.121742,125,1288.064846
-69.76125,73,1288.088483
-72.474943,75,1288.112922
-0.313639,148,1288.160288
-77.477877,85,1288.187574
-71.885188,110,1288.223352
-51.689012,164,1288.27585
-27.333884,113,1288.31229
0.610516,116,1335.394673
-18.814475,155,1335.486855
-53.145153,83,1335.518276
-82.867968,113,1335.556253
-84.268296,92,1335.585949
-14.788651,143,1335.632246
-11.260936,197,1335.695373
-38.70503,80,1335.72128
-45.195284,92,1335.751105
-96.120351,181,1335.809503
-94.579141,128,1335.851142
-89.836704,122,1335.890818
-60.764742,126,1335.931541
-91.827638,96,1335.962581
-48.160266,79,1335.988212
-21.349796,145,1336.035118
-21.239667,75,1336.059407
-21.649382,80,1336.085686
-33.574109,102,1336.118982
-104.394379,105,1336.152593
-128.695413,119,1336.191116
-32.771859,96,1336.22233
-36.750294,200,1336.286617
-29.089886,78,1336.312248
-55.223266,137,1336.356226
-75.634672,100,1336.389022
-102.185308,89,1336.417765
-42.692247,82,1336.444555
-60.639175,211,1336.512217
-34.832663,123,1336.552025
8.294423,114,1336.589268
-24.874057,196,1336.652495
-127.667419,134,1336.695635
-24.704381,157,1336.745908
-37.14175,110,1336.7813
-56.330782,73,1336.805024
-82.788652,89,1336.834341
-14.559891,170,1336.889487
-79.693934,169,1336.943823
-63.362946,68,1336.965923
-94.375763,199,1337.029885
-55.7861,120,1337.068696
-33.627206,92,1337.098688
-71.781921,127,1337.139963
-127.357685,132,1337.182512
-71.226228,75,1337.206889
-95.130484,90,1337.236173
-44.346906,80,1337.262046
-26.015883,211,1337.330258
-63.365284,133,1337.373049
-99.641578,137,1383.538365
-140.858879,119,1383.608515
-57.925628,157,1383.667102
-62.139258,137,1383.711889
-112.067174,99,1383.744107
-90.388836,114,1383.781336
-30.204092,113,1383.818055
-21.233673,93,1383.848567
-27.0765,107,1383.883096
-20.373718,145,1383.929757
-59.570327,87,1383.957692
-94.011206,86,1383.985517
-8.949232,106,1384.020248
-98.36454,172,1384.07608
-40.794038,136,1384.120192
-31.769656,112,1384.156625
-58.215717,80,1384.18264
-99.880041,102,1384.215929
-30.859391,97,1384.2473
-30.384592,109,1384.282454
-91.99084,132,1384.325593
4.9926,109,1384.360811
-28.051577,120,1384.399533
-79.236949,122,1384.439958
-106.522468,86,1384.467972
-71.311124,88,1384.496824
-27.890597,83,1384.523764
-104.202863,74,1384.547914
-63.952884,77,1384.57292
-114.025131,71,1384.596025
-112.020919,88,1384.624768
-74.328815,66,1384.646377
-106.153105,129,1384.688222
-115.564101,114,1384.724858
-14.275704,107,1384.75957
-77.708889,75,1384.784049
-127.353138,121,1384.823175
-75.288189,85,1384.85082
-81.507843,77,1384.875951
-48.414909,94,1384.906628
-75.855161,85,1384.93444
-23.506284,81,1384.960874
-69.331444,71,1384.984033
-89.032825,82,1385.010786
-61.851571,65,1385.032301
-113.036717,130,1385.074376
-90.085572,128,1385.115941
-3.195017,179,1385.173944
-23.138939,114,1385.211225
-101.928781,89,1385.240132
-5.228679,95,1430.716246
2.252086,193,1430.830466
-12.891815,131,1430.877739
-64.802559,75,1430.902328
-80.813634,89,1430.93094
-64.194858,64,1430.951702
-45.986394,123,1430.991364
-58.846479,129,1431.032943
-23.764794,115,1431.070082
-25.025504,145,1431.117181
-43.989917,132,1431.1601
-11.986827,121,1431.199323
13.24737,100,1431.231572
-78.764514,103,1431.264676
-113.743227,102,1431.297671
-138.246678,129,1431.339282
2.652908,140,1431.384733
-119.236471,116,1431.422047
-91.522287,88,1431.450695
-30.079365,106,1431.484872
-76.51616,82,1431.511481
-105.30779,79,1431.537083
-118.352062,98,1431.568486
-118.919683,112,1431.604685
-25.198347,88,1431.633487
-24.619894,172,1431.688956
-120.717309,126,1431.729413
-60.851253,88,1431.757694
-102.428213,103,1431.791207
-69.130629,86,1431.819125
-110.426267,105,1431.853158
-111.572711,134,1431.896224
-58.018859,91,1431.925892
-51.200519,100,1431.958427
-74.585106,119,1431.997021
-83.676411,131,1432.039603
-75.196429,97,1432.071119
-93.358696,102,1432.10385
-97.154528,80,1432.129869
-42.660714,93,1432.159922
-68.453115,146,1432.207073
-140.128587,110,1432.242947
-73.32833,123,1432.282413
-118.400048,91,1432.312138
-107.823281,124,1432.352148
-47.383804,159,1432.403706
-29.812848,131,1432.446172
-60.843725,133,1432.489082
-110.558135,106,1432.523406
-32.967996,114,1432.560688
-76.747056,81,1478.961976
-18.828795,101,1479.039242
-28.304389,111,1479.090979
-39.914542,125,1479.136089
16.541207,98,1479.168993
-122.503387,88,1479.197526
-83.604779,112,1479.233853
-87.817362,104,1479.267743
-84.530331,81,1479.294275
-47.123172,126,1479.335148
-91.410417,108,1479.370818
14.945373,124,1479.411081
-11.801177,118,1479.449551
-47.664824,79,1479.475746
-121.927276,105,1479.50986
-96.91952,91,1479.539604
-31.289901,126,1479.580896
-10.997801,99,1479.613312
-43.899747,77,1479.638406
-97.045364,85,1479.665868
-46.28916,86,1479.694293
-103.969714,127,1479.73564
-134.767055,100,1479.76877
-42.552798,92,1479.799208
-47.122383,81,1479.825814
-67.891806,116,1479.863693
-111.565681,82,1479.890373
-109.68874,112,1479.926768
-49.558031,84,1479.95393
4.522042,172,1480.009737
-71.250057,129,1480.051258
-58.479673,86,1480.079231
-127.1997,86,1480.107325
-32.307966,116,1480.144941
-69.723151,96,1480.176253
12.232868,146,1480.223461
-66.643585,87,1480.252068
-142.367311,122,1480.291269
-121.004988,92,1480.320982
-91.766348,108,1480.355772
-58.00991,144,1480.402189
-90.602487,81,1480.428515
-135.625504,121,1480.467548
-127.723752,102,1480.500662
-13.827502,81,1480.527081
-48.656296,69,1480.54966
-111.328417,82,1480.576469
-74.881529,141,1480.622095
-48.240066,81,1480.648994
-90.412317,81,1480.67545

-111.186203,9,933.46109
-167.55319,64,934.02183
-149.959907,88,934.800889
-99.958444,75,935.455379
-70.312291,10,935.54385
-151.043894,153,936.888792
-119.853846,24,937.099247
-86.857289,22,937.293764
-1132.819345,191,939.008786
-148.153822,106,939.933121
-55.698107,67,940.513633
-195.245009,118,941.546538
-88.646892,19,944.460495
-82.729479,17,944.550339
-96.400858,70,945.028947
-257.402871,143,946.295385
-109.0119,200,948.57058
-705.967882,192,950.279517
-48.524841,24,950.489541
-59.245376,37,950.811179
-58.533729,143,952.069096
-131.990796,68,952.663436
-881.576752,193,954.377735
-68.519271,87,955.141127
-122.87056,3,955.168651
-121.634886,150,956.487928
-251.423764,44,956.875632
-122.579781,80,957.56792
-117.309226,120,958.619357
-56.032612,33,958.91364
-251.712457,151,960.249997
-388.91648,81,960.959381
-53.198172,10,961.047715
-1059.837564,149,962.369701
-198.472588,13,962.484581
-142.640818,31,962.75757
-71.343186,200,964.532149
-82.877135,41,964.890122
-81.916148,22,965.083501
-771.848933,110,966.55787
-121.907108,169,968.05574
-71.386955,94,968.878376
-98.707735,25,969.098333
-40.859028,51,969.545056
-984.299072,150,970.865368
-104.423962,162,972.3051
-100.019708,60,972.829072
-466.073849,38,973.16869
-182.452514,44,973.55513
-136.183592,65,974.120692
-98.714438,16,974.264617
-236.117523,38,974.600265
-82.978726,20,974.777692
-257.102447,16,974.920986
-304.725435,62,975.464055
-624.806314,200,977.25018
-71.819256,28,977.496256
-84.700769,200,979.275148
-98.018854,18,979.436051
-188.087195,50,979.874929
-372.554313,65,980.45073
-109.876453,75,981.110419
-277.710788,126,982.220529
-68.24459,40,982.567902
-247.13564,162,983.995744
-307.473564,127,985.607269
-122.694951,133,986.77502
-161.250001,55,987.259735
-83.875761,25,987.478565
-209.978487,163,988.919817
-72.139316,52,989.381427
-272.953131,180,993.344828
-138.121882,102,994.24152
-103.184052,65,994.820654
-123.388657,31,995.097363
8.254138,6,995.151926
-1919.50163,199,996.931431
-122.39912,9,997.011893
-66.238108,46,997.417963
-59.175933,11,997.514872
-174.258837,64,998.07572
-64.007369,106,999.011198
-92.294994,7,999.073915
-120.581019,62,999.617339
-97.266859,16,999.757888
-67.787047,47,1000.172833
-54.346456,49,1000.60167
-113.154477,126,1001.712445
-223.889898,72,1002.345704
-436.932361,65,1002.918301
-114.129116,105,1003.837909
-338.920945,95,1004.676504
-104.900295,25,1004.897383
-174.640448,49,1005.328745
-95.768922,31,1006.099022
-1223.143974,62,1006.658219
-155.710565,59,1007.184868
-176.897213,124,1008.277638
-326.731621,132,1009.442899
-108.213942,78,1010.133811
-69.428065,34,1010.437257
-23.541734,10,1010.525829
-133.250411,10,1010.614794
-86.38719,14,1010.739079
-99.743134,64,1011.299492
-380.839069,156,1012.682827
-97.108802,200,1014.460973
-159.216778,6,1014.515827
-114.644131,20,1014.694512
-40.282903,64,1015.258397
-206.683355,142,1016.514052
-157.073117,91,1017.313022
-559.073443,102,1018.216304
-546.039316,112,1019.203224
-239.190847,135,1020.39344
-297.753624,114,1021.404377
-171.100583,109,1022.360694
-100.718039,1,1022.370467
-873.049881,82,1023.099923
-103.256864,200,1025.4334
-15.599616,34,1025.737005
-1123.700076,153,1027.085889
-11.735308,50,1027.52445
-83.083015,104,1028.431815
-117.311123,47,1028.848415
-54.135419,66,1029.425022
-148.220615,143,1030.682783
-73.924446,6,1030.736898
-30.193397,43,1031.111864
-83.321456,42,1031.479114
-68.573249,21,1031.666693
-158.854609,109,1032.630171
-240.434936,45,1033.02825
-137.624541,40,1033.380692
-180.61901,57,1033.879606
-303.498513,37,1034.206424
-1071.794645,120,1035.281508
-122.887142,24,1035.494702
-197.739412,177,1037.067375
-93.140329,10,1037.157031
-137.1674,68,1040.786182
-223.129709,200,1042.450032
-55.078482,100,1043.331005
-303.251777,68,1043.931221
-64.741798,85,1044.684067
-40.557881,200,1046.972831
-615.43079,110,1047.9493
-953.963654,92,1048.767681
-51.538424,17,1048.918952
-144.654527,62,1049.458071
-164.334065,125,1050.565177
-93.088058,116,1051.592722
-106.520896,11,1051.690299
-54.19088,61,1052.230528
-82.449739,13,1052.347231
-47.616087,32,1052.631408
-104.35033,37,1052.959829
-103.803408,65,1053.531001
-70.45489,200,1055.315302
-115.875202,72,1055.944715
-136.467068,152,1057.287047
-108.73693,2,1057.306049
-146.258147,3,1057.333867
-128.110153,27,1057.572876
-36.511036,77,1058.243872
-795.047197,65,1058.817209
-109.134688,15,1058.950845
-183.104222,129,1060.094027
-284.133968,60,1060.623429
-192.326021,92,1061.434604
-218.688539,69,1062.041071
-61.592037,200,1063.83691
-361.162105,45,1064.242556
-15.19804,51,1065.183801
-129.555415,63,1065.739551
-50.145097,79,1066.42849
-461.521793,177,1067.996549
-127.775042,8,1068.068293
-83.134785,200,1069.850459
-239.947042,70,1070.472251
-73.511919,200,1072.264315
-38.549981,42,1072.634616
-58.181194,29,1072.888723
-32.610485,54,1073.362683
-79.405818,200,1075.140667
-444.882366,99,1076.01451
-141.299079,54,1076.489499
-135.044142,46,1076.893661
-369.520301,115,1077.926119
-135.622195,60,1078.452877
-118.054236,6,1078.50701
-71.236212,4,1078.54371
3.204003,7,1078.606159
-136.995866,55,1079.091434
-112.385442,9,1079.171865
-213.059086,118,1080.208526
-344.658828,119,1081.266786
-86.049618,5,1081.311785
-133.38142,8,1081.384456
-230.795781,50,1081.825864
-97.052463,40,1082.177274
-72.342367,82,1082.913292
-256.571937,132,1084.57844
-164.725292,99,1085.435556
-908.13333,107,1089.58769
-84.669251,200,1091.241149
-76.053361,55,1091.732138
-137.412212,43,1092.117567
-299.590099,161,1093.546779
-61.049678,36,1093.862205
-86.937686,51,1094.30862
-244.435765,51,1094.759374
-84.533329,131,1095.913542
-346.716178,83,1096.652914
-171.552531,36,1096.975649
-86.65405,1,1096.985844
-215.214586,9,1097.067462
-150.584302,173,1098.608661
-94.173985,62,1099.157688
-78.630626,16,1099.298391
-1779.955116,159,1100.72633
-86.783137,10,1100.815761
-92.517999,38,1101.149797
6.447214,77,1101.822561
-91.626671,21,1102.009879
-37.2145,28,1102.256676
-116.743609,200,1104.040873
-60.15809,62,1104.583014
-1428.220812,200,1106.873835
-14.47271,6,1106.927494
-820.167108,152,1108.272055
-86.300939,44,1108.656373
-56.630489,44,1109.041619
-129.958589,6,1109.095455
-66.361657,27,1109.332563
-107.661434,64,1109.893994
-138.178279,113,1110.881643
-147.063948,85,1111.631003
-216.411615,80,1112.328611
-91.15007,17,1112.478153
-56.573101,26,1112.708265
-87.380857,13,1112.823638
-86.078316,1,1112.833804
-98.913967,200,1114.611662
-122.671515,83,1115.343032
-95.910691,95,1116.176593
-70.143347,13,1116.29401
-89.961616,77,1116.963586
-339.216259,72,1117.599753
-113.823719,2,1117.618563
-94.526074,14,1117.74237
-513.147355,78,1118.433848
-92.216273,86,1119.183434
-78.920102,34,1119.48256
-146.41322,116,1120.503369
-151.998929,89,1121.288396
-40.943671,10,1121.379034
-119.064117,8,1121.451104
-285.792038,92,1122.257239
-876.772295,122,1123.846951
-175.056249,33,1124.118833
-105.634634,73,1124.759364
-162.316946,117,1125.786574
-685.889234,194,1127.510755
-595.805331,120,1128.567068
-258.108798,174,1130.102891
-163.463532,98,1130.961366
-133.380282,36,1131.276767
-51.408713,44,1131.66163
-19.377098,25,1131.884142
-211.407351,44,1132.27496
-251.795666,124,1133.371412
-93.315481,1,1133.381461
-112.446515,23,1133.58446
-32.979466,99,1134.45347
-156.208818,85,1137.355002
-459.504574,181,1138.984918
-1917.452815,200,1140.784247
-69.882991,32,1141.067159
-93.875338,8,1141.139388
-150.05189,27,1141.378791
-80.403739,2,1141.397462
-176.094495,134,1142.578148
-132.398054,57,1143.081201
-58.496434,60,1143.60968
-104.470883,36,1143.923133
-131.53184,40,1144.772877
-212.20913,164,1146.216087
-144.353468,114,1147.212323
-83.13553,200,1148.989076
-198.665503,32,1149.271285
-496.555955,77,1149.949484
-72.351076,73,1150.589188
-110.686374,65,1151.159055
-151.507678,52,1151.61638
-76.79312,10,1151.704812
-126.538452,34,1152.004273
-87.090959,200,1153.784446
-156.011787,129,1154.915315
-140.418178,15,1155.047635
-11.571402,106,1155.976956
-58.073098,53,1156.441576
-131.99712,3,1156.469354
-283.211141,43,1156.849218
-92.283826,19,1157.016247
-71.757797,14,1157.141635
-28.744762,67,1157.726077
-34.039865,63,1158.273108
-685.309552,77,1158.954936
-421.554928,200,1160.747621
-483.15912,145,1162.033639
-86.488828,60,1162.559855
-211.563108,132,1164.218177
-123.347733,19,1164.386566
-55.584836,40,1164.736972
-80.721441,100,1165.609217
-97.239681,2,1165.628282
-29.597297,36,1165.943892
-663.70442,158,1167.337288
-108.613336,111,1168.307822
-146.420962,144,1169.569927
-81.67503,32,1169.847996
-156.279183,50,1170.284215
-236.488178,137,1171.489388
-129.30497,44,1171.87643
-85.367871,39,1172.215471
-144.536259,112,1173.198436
-121.710607,10,1173.2874
-136.54998,156,1174.670555
-118.650888,42,1175.039566
-548.87789,31,1175.313112
-98.483004,19,1175.479566
-244.777132,58,1175.987468
-287.609966,92,1176.81783
-122.530387,10,1176.906917
-234.305896,62,1177.452236
-77.041154,10,1177.540174
-70.05673,114,1178.54158
-123.360042,49,1178.972059
-126.865153,95,1179.798995
-108.916416,1,1179.809061
-102.638188,5,1179.854592
-56.969768,8,1179.925685
-74.996316,34,1180.22338
-326.401655,157,1182.106123
-168.071691,88,1185.092958
-83.867455,11,1185.191196
-87.283858,22,1185.385501
-105.875732,128,1186.521356
-52.527586,76,1187.194338
-174.992725,28,1187.442734
-32.8279,42,1187.896916
-109.700479,116,1188.948318
-365.369285,39,1189.29436
-380.064313,94,1190.132644
-132.53089,76,1190.814854
-92.014183,42,1191.185575
-43.864959,11,1191.283849
-85.189959,9,1191.365064
-349.774208,107,1192.307247
-77.274896,87,1193.075305
-135.847736,117,1194.10974
-367.160806,59,1194.630255
-67.204027,36,1194.946815
-68.869954,7,1195.008883
-265.441972,158,1196.420593
-139.95171,27,1196.661279
-129.568082,189,1198.377698
-265.45171,76,1199.040748
-122.360958,35,1199.345277
-129.936631,40,1199.693527
-275.710004,104,1200.605226
-116.544542,22,1200.811615
-144.613461,30,1201.092585
-601.559099,89,1201.888172
-231.503753,83,1203.112088
-81.540931,41,1203.473022
-61.561562,51,1203.91701
-64.623049,49,1204.411451
-87.585674,27,1204.648365
-87.375678,52,1205.109094
-69.866716,39,1205.450365
-51.422486,12,1205.556461
-111.327618,106,1206.487374
-58.331254,48,1206.913466
-1043.212332,50,1207.395702
-49.707041,26,1207.624495
-75.169725,32,1207.90759
-63.594731,75,1208.568105
-82.961369,17,1208.74613
-52.044485,52,1209.214178
-20.547465,63,1209.832648
-74.929235,2,1209.853518
-122.897912,52,1210.340875
-23.550194,26,1210.573326
-74.33068,40,1210.926965
-715.112583,173,1212.463879
-40.209972,52,1212.949622
-44.737269,64,1213.524407
-73.470967,29,1213.77935
-109.885926,72,1214.41666
-81.278207,20,1214.593442
-291.725735,63,1215.157654
-120.290882,112,1216.145809
-59.905923,27,1216.383219
-188.007221,87,1217.155361
-560.016097,171,1218.700735
-356.253425,200,1220.526828
-520.423135,168,1222.724143
-81.487595,5,1222.769745
-51.999888,79,1223.46543
-138.928139,61,1224.034072
-100.580385,47,1224.447867
-91.691635,28,1224.720654
-326.942758,131,1225.940258
-83.507388,10,1226.03074
-150.382853,39,1226.384567
-161.400486,124,1227.477326
-109.289678,26,1227.704546
-57.673397,11,1227.804125
-50.786452,31,1228.07887
-70.669129,89,1228.85676
-91.025301,33,1229.148303
-163.019899,91,1229.945266
-130.650909,7,1230.00907
-94.948974,7,1230.07184
-97.472974,7,1230.135544
-41.342139,68,1232.670355
-217.060965,119,1233.707217
-56.648269,102,1234.633255
-533.605751,48,1235.137963
-274.903294,143,1236.528134
-135.856134,24,1236.743037
-107.059252,5,1236.78774
-102.288467,115,1237.792238
-56.160103,54,1238.259947
-111.192495,15,1238.392838
-108.699358,111,1239.362153
-72.934798,35,1239.668912
-235.951189,75,1240.32711
-232.943846,119,1241.37748
-79.81781,43,1241.760976
-155.503127,94,1243.15509
-118.827604,23,1243.370045
-89.846442,5,1243.416166
-88.995237,22,1243.609742
-77.683806,4,1243.646104
-53.737949,55,1244.127072
-250.759872,87,1244.998719
-159.954053,57,1245.532901
-69.292168,36,1245.872695
-103.558992,70,1246.492134
-108.824568,26,1246.719215
-54.73363,41,1247.076637
-60.590265,31,1247.34635
-66.132517,24,1247.555336
-618.6381,83,1248.253145
-141.328762,111,1249.372466
-82.509853,70,1250.076246
-100.509546,85,1250.935619
-50.257366,28,1251.211037
-61.105378,129,1252.414565
-112.971453,22,1252.669822
-86.506231,10,1252.761646
-139.853821,107,1253.781445
-90.889784,46,1254.240138
-673.135773,101,1255.371316
-75.42565,3,1255.401788
-99.78063,10,1255.497784
-416.468204,105,1256.458019
-36.438634,92,1257.647474
-89.203644,77,1258.539428
-52.205078,25,1258.825938
-1009.380006,153,1260.627096
-103.607425,33,1261.022933
-1060.527738,127,1262.592527
-78.596621,105,1264.309013
-222.480998,35,1264.66224
-121.440946,32,1265.209623
-121.566544,50,1266.008367
-85.944637,47,1266.943239
-102.341064,3,1267.029149
-133.710448,58,1268.06996
-29.004664,71,1269.394727
-123.866063,67,1270.913382
-316.38607,58,1271.752222
-48.993925,160,1273.629674
-107.434076,10,1273.747479
-76.055166,10,1273.952269
-61.435109,10,1274.138608
-270.322653,60,1274.749184
-79.863123,17,1274.902172
-126.107871,28,1275.160233
-89.715385,66,1275.751138
-114.222388,109,1276.775036
-132.863928,63,1277.362127
-355.267576,92,1278.182812
-97.476098,76,1278.844458
-66.040016,85,1279.627409
-496.60519,150,1280.962439
-105.614568,97,1281.855922
-69.984549,21,1282.040055
-75.6507,69,1282.703282
-102.222031,103,1284.150138
-117.602466,28,1284.39847
-103.679959,8,1284.473892
-216.244678,64,1285.222464
-103.756409,13,1285.338228
-88.737341,72,1285.987985
-169.607317,77,1288.508164
-139.650547,63,1289.054483
-79.730017,57,1289.568385
-164.72029,79,1290.799354
-102.974861,142,1292.216462
-84.177141,43,1292.621262
-109.550854,38,1292.960723
-119.352819,14,1293.084971
-30.612393,12,1293.191103
-113.267249,14,1293.317649
-95.653434,132,1294.522327
-33.360232,69,1295.358737
-104.581927,16,1295.603631
-52.753842,25,1295.946613
-152.807164,60,1296.596894
-83.278081,44,1297.017347
-110.593996,103,1297.933375
-62.525099,47,1298.355964
-124.640465,43,1298.734493
-61.328075,12,1298.843229
-73.477881,82,1299.558985
-48.647578,36,1299.874977
-462.402088,75,1300.563709
-79.346073,83,1301.307805
-90.255026,70,1301.926758
-67.476781,72,1302.624934
-67.131216,12,1302.73434
-217.504932,47,1303.154172
-131.460695,72,1303.786289
-78.051495,20,1303.994281
-118.042916,86,1304.764855
-37.509019,48,1305.184917
-80.711943,14,1305.311311
67.502291,4,1305.347728
-61.108302,8,1305.42
-89.974569,11,1305.517787
-19.834492,12,1305.629031
-94.772292,17,1305.781072
-69.327102,2,1305.799911
-133.308694,67,1306.39723
-79.683837,30,1306.663594
-33.180046,58,1307.194473
-63.106595,47,1307.607409
-64.485392,43,1307.988932
-92.39545,34,1308.29272
-68.63726,2,1308.311968
-136.627699,23,1308.526167
-132.015271,11,1308.625343
2.922162,71,1309.253371
-96.415527,64,1310.318199
-304.333943,67,1311.035493
-109.02866,135,1312.583223
-84.708918,14,1312.708308
-875.074247,143,1313.974833
-61.091051,66,1314.566664
-266.818255,92,1315.481295
-142.297538,33,1315.85552
-252.992859,73,1316.524021
-85.502158,10,1316.612568
-102.93536,92,1317.416908
-240.381208,58,1317.963015
-62.88722,41,1318.326559
-106.606289,2,1318.346171
-74.32708,109,1319.436275
-113.077314,122,1320.503742
-67.344631,38,1320.834837
-70.42064,200,1322.599015
-258.371716,71,1323.065534
-1022.804064,56,1323.444519
-172.549495,87,1324.018668
-119.440692,73,1324.611619
-287.82909,140,1325.854356
-99.257243,27,1326.096021
-79.683814,53,1326.566726
-101.323605,7,1326.629851
-232.12487,139,1327.862614
-51.191634,63,1328.922591
-72.827662,40,1329.275274
-320.309845,12,1329.383
-103.417306,21,1329.571048
-181.808114,48,1329.993765
-131.431834,18,1330.155663
-234.057682,51,1330.608025
-343.07571,106,1331.54254
-106.341881,72,1332.180618
-532.846145,106,1333.117716
-65.491284,68,1333.720371
-113.041239,1,1333.730583
-118.934877,107,1334.673601
-79.193539,51,1335.129985
-87.909343,152,1338.410845
-350.054791,105,1339.345747
-101.277262,129,1340.559107
-84.477742,40,1340.910782
-90.953239,10,1341.000255
-58.306757,84,1341.737251
-56.081934,78,1342.42091
-105.1015,35,1342.730535
-82.24694,16,1342.876774
-107.559298,36,1343.193217
-170.722284,80,1343.896332
-403.965433,118,1344.940528
-121.284993,12,1345.048233
-32.5588,89,1345.835756
-77.902596,3,1345.86363
-135.157628,29,1346.122782
-84.063506,109,1347.081691
-68.16287,100,1347.971285
-28.69513,32,1348.255014
-63.27879,81,1349.484216
-120.910989,90,1350.256167
-345.441448,98,1351.124765
-272.091274,134,1352.303946
-150.033132,92,1353.11121
-277.712565,122,1354.191436
-105.599548,146,1355.497791
-164.856259,68,1356.102449
-607.671555,99,1356.976573
-103.621203,15,1357.110794
-127.140053,92,1357.920442
-63.334587,30,1358.18236
-82.614659,50,1358.620011
-261.831199,133,1359.788637
-216.841091,125,1360.886467
-73.473812,92,1361.69925
-91.45441,10,1361.788626
-300.892962,85,1362.541878
-308.222401,47,1362.958287
-48.44738,89,1363.751815
-159.666582,89,1364.529212
-129.903035,24,1364.743172
-150.830159,188,1366.416802
-76.00692,6,1366.470587
-196.107992,38,1366.807007
-1007.092275,51,1367.270823
-90.751617,24,1367.482102
-17.330179,72,1368.607517
-175.679627,116,1369.626901
-227.864987,86,1370.384412
-129.374902,22,1370.580637
-309.924112,111,1371.695747
-202.38507,92,1372.509429
-64.359064,84,1373.243827
-114.787296,29,1373.501614
-87.793689,10,1373.590847
-124.355172,18,1373.75567
-104.920134,110,1374.717238
-76.226917,60,1375.240607
-157.582619,85,1376.127771
-107.677692,11,1376.266613
-178.737802,36,1376.586401
-268.843457,74,1377.417704
-112.026149,144,1378.863688
-517.44216,63,1379.436273
-124.822572,142,1380.85473
-67.590607,65,1381.525778
-263.243781,79,1382.223154
-159.422108,145,1385.294939
-391.977524,65,1385.784589
-97.442946,7,1385.847728
-84.121363,20,1386.027235
-51.454033,8,1386.098478
-198.182326,46,1386.505522
-58.025328,31,1386.781887
-247.290126,47,1387.200009
-569.512971,101,1388.09046
-113.264338,112,1389.56369
-73.098324,62,1390.101759
-38.448319,70,1390.710796
-89.971611,20,1390.888175
-48.690192,55,1391.369015
-92.066898,15,1391.502169
-350.264763,135,1392.697673
-105.454675,5,1392.74298
-82.593116,2,1392.761961
-58.987574,67,1393.350352
-82.636731,11,1393.447253
-19.371744,55,1393.927823
-118.007585,41,1394.290662
-156.789238,101,1395.182472
-91.220087,10,1395.27228
-107.478627,73,1395.918124
-48.685809,6,1395.972152
-138.803654,11,1396.069972
-120.331808,75,1396.72944
-100.312757,20,1396.909627
-98.421749,101,1397.794041
-83.518212,92,1398.59492
-128.193206,35,1398.900629
-121.166819,117,1399.954449
-132.393602,16,1400.099709
-50.208146,20,1400.27678
-262.742518,52,1400.740469
-85.629095,63,1401.29062
-35.191736,32,1401.569989
-120.517286,56,1402.059741
-270.968737,100,1402.942395
-1.831992,50,1403.381344
-100.655447,9,1403.461331
-36.263693,56,1403.958413
-116.829301,51,1404.400969
-59.817886,36,1404.721361
-189.990191,54,1405.197175
-77.337324,1,1405.207373
-35.741402,40,1405.5578
-99.727874,32,1405.837752
-113.618712,87,1406.597755
-52.299229,82,1407.837931
-75.792517,82,1408.53743
-71.082466,4,1408.573547
-96.313734,22,1408.768318
-127.512185,114,1409.765097
-73.351978,23,1409.968605
-77.561316,100,1410.843514
-97.198246,5,1410.888519
-55.283145,24,1411.10282
-90.213774,53,1411.575077
-141.680804,20,1411.752899
-164.095085,47,1412.164215
-23.746117,73,1412.800325
-99.915821,85,1413.540065
-47.981426,107,1414.476371
-138.85239,94,1415.299185
-214.640028,114,1416.29744
-465.117774,82,1417.022712
-171.022156,100,1417.899369
-61.625295,21,1418.085102
-162.636267,83,1418.818446
-158.242023,72,1419.449577
-132.854305,120,1420.502133
-786.793645,162,1421.938262
-168.317091,89,1422.72347
-156.718511,153,1424.077624
-21.943412,60,1424.600776
-65.778625,99,1425.475194
-93.075143,25,1425.695042
-62.251144,40,1426.546774
-137.588735,59,1427.065888
-92.149524,24,1427.278737
-246.889816,93,1428.092096
-108.350441,7,1428.155556
-178.62905,60,1428.681772
-71.695466,61,1429.212638
-107.867295,133,1430.399889
-417.504283,119,1433.240038
-93.357824,1,1433.250126
-55.909509,69,1433.860928
-18.62685,79,1434.552794
-117.341253,14,1434.678076
-105.347478,35,1434.984382
-163.608628,114,1435.987047
-134.398995,121,1437.047376
-237.72041,89,1437.826901
-191.028342,124,1438.92004
-153.618502,38,1439.258205
-8.516959,51,1439.707456
-103.74117,29,1439.962443
-143.622627,24,1440.179979
-64.73453,26,1440.41067
-111.769549,10,1440.500092
-269.49068,98,1441.363403
-115.081619,90,1442.145878
-79.426863,44,1442.532067
-70.855307,9,1442.612316
-88.910367,67,1443.204267
-98.190425,45,1443.599453
-127.421503,66,1444.178005
-67.696555,54,1444.654189
-128.476732,17,1444.80496
-117.962976,27,1445.042438
-75.349521,58,1445.548375
-165.012872,75,1446.710896
-206.683081,128,1447.835696
-319.7293,75,1448.503749
-439.829737,104,1449.423323
-142.976915,28,1449.670313
-115.403266,21,1449.857689
-256.71638,63,1450.422724
-110.218074,7,1450.485502
-90.419411,70,1451.100526
-38.251576,9,1451.181368
-145.348504,78,1451.906629
-162.960433,23,1452.112889
-175.268285,85,1452.860999
-118.116871,9,1452.942018
-293.478902,54,1453.41852
-110.567622,11,1453.517679
-87.759859,16,1453.660194
-93.155997,5,1453.706052
-63.218715,50,1454.151295
-81.633414,35,1454.460052
-158.826209,51,1454.906194
-77.630868,65,1455.475189
-107.398224,65,1456.043617
-153.759814,104,1456.980624
-88.314557,67,1457.568673
-151.307084,11,1457.667458
-41.678373,14,1457.793377
-101.982226,57,1458.299509
-155.261865,70,1458.9141
-75.072145,28,1459.16241
-30.854018,45,1459.566712
-436.748069,165,1461.228454
-101.782008,85,1462.007202
-108.372546,10,1462.096376
-30.298934,19,1462.266236
-80.7093,51,1462.712492
-42.408466,9,1462.792534
-71.977632,121,1463.857321
-45.677202,78,1464.731089
-246.91481,81,1465.961838
-116.396141,2,1465.980758
-55.181005,65,1466.551601
-175.400431,118,1467.743621
-55.356043,37,1468.154216
-368.715848,47,1468.574903
-145.894851,16,1468.718537
-72.308111,36,1469.036541
-139.234364,134,1470.225025
-17.424362,12,1470.333349
-280.285112,63,1470.886407
-21.658504,98,1471.839077
-77.045342,8,1471.96668
-187.938209,91,1472.970188
-102.87451,45,1473.360996
-213.409224,85,1474.135517
-33.499986,30,1474.398813
-85.90969,31,1474.686386
-224.404337,85,1475.46841
-120.176329,6,1475.523473
-74.700105,89,1476.304444
-94.118994,81,1477.11151
-64.962497,11,1477.211074
-155.99611,53,1477.720237
-57.380414,55,1478.204604
-90.483641,100,1480.842003
-20.074117,59,1481.34935
-125.831477,107,1482.374491
-49.11856,36,1482.724508
-129.214971,52,1483.207783
-77.967819,59,1483.726652
-92.196042,76,1484.400707
-72.429939,12,1484.508123
-73.514173,59,1485.088596
-132.998854,23,1485.294142
-90.42527,97,1486.206883
-95.037305,72,1487.34421
-90.697552,59,1487.911804
-104.082285,98,1488.85521
-137.29601,51,1489.305582
-179.080946,107,1490.246446
-36.353082,7,1490.311444
-68.813533,38,1490.646491
-64.133823,16,1490.787565
-135.608489,138,1492.009667
-83.93782,27,1492.250782
-85.047872,56,1492.768365
-76.984816,68,1493.370756
-128.293539,88,1494.145399
-37.521366,33,1494.440999
-395.006309,100,1495.327797
-74.512033,104,1496.243358
-50.338302,49,1496.697067
-114.654306,1,1496.707196
-635.111437,135,1498.1128
-39.53303,71,1498.7883
-99.257848,102,1499.724466
-64.862756,40,1500.221176
-88.411638,35,1500.531683
